Player Name,Last Updated,Name,Birthday,Country,Team,Mouse Model,Mouse DPI,Mouse Sensitivity
s1mple,20 Mar 2024,Oleksandr Kostyliev,"October 2, 1997",Ukraine,Falcons Esports,Logitech G Pro X Superlight 2 Black,400,3.09
NiKo,20 Mar 2024,Nikola Kovač,"February 16, 1997",Bosnia & Herzegovina,G2 Esports,VAXEE ZYGEN NP-01 Wireless Pink,800,0.69
m0NESY,20 Mar 2024,Ilya Osipov,"May 1, 2005",Russia,G2 Esports,Logitech G Pro X Superlight 2 Black,400,2
TenZ,20 Mar 2024,Tyson Ngo,"May 5, 2001",Canada,Sentinels,Ninjutso Sora V2,1600,0.12
b1t,20 Mar 2024,Valerii Vakhovskyi,"January 5, 2003",Ukraine,Natus Vincere,Logitech G Pro X Superlight 2 White,400,1.42
Twistzz,20 Mar 2024,Russel Van Dulken,"November 14, 1999",Canada,Team Liquid,Logitech G Pro X Superlight Red,400,1.7
ZywOo,20 Mar 2024,Mathieu Herbaut,"November 9, 2000",France,Team Vitality,VAXEE OUTSET AX Wireless Yellow,400,2
ropz,20 Mar 2024,Robin Kool,"December 22, 1999",Estonia,FaZe Clan,ZOWIE EC2-CW,400,1.77
XANTARES,20 Mar 2024,Can Dörtkardeş,"August 7, 1995",Turkey,Eternal Fire,ZOWIE FK1-C,400,2.3
ScreaM,20 Mar 2024,Adil Benrlitom,"July 2, 1994",Belgium,Karmine Corp,Finalmouse Classic Ergo 2,400,0.786
device,20 Mar 2024,Nicolai Reedtz,"September 8, 1995",Denmark,Astralis,Logitech G Pro X Superlight 2 Magenta,400,2.00
yay,20 Mar 2024,Jaccob Whiteaker,"September 9, 1998",United States,Bleed eSports,Logitech G Pro X Superlight Black,800,0.27
kennyS,20 Mar 2024,Kenny Schrub,"May 19, 1995",France,Falcons Esports,Razer Deathadder V3 Pro White,400,2.2
electronic,20 Mar 2024,Denis Sharipov,"September 2, 1998",Russia,Cloud9,Razer DeathAdder V3 Pro Faker Edition,400,2.2
YEKINDAR,20 Mar 2024,Mareks Gaļinskis,"October 4, 1999",Latvia,Team Liquid,Razer Deathadder V3 Pro White,800,1.2
Aunkere,20 Mar 2024,Eugene Karyat,"August 21, 2001",Russia,Free Agent,Logitech G Pro X Superlight 2 White,500,2.4
shroud,20 Mar 2024,Michael Grzesiek,"June 2, 1994",Canada,Content Creator,Logitech G303 Shroud Edition,800,1.2
byali,20 Mar 2024,Paweł Bieliński,"April 30, 1994",Poland,Free Agent,Razer Deathadder V3 Pro Black,400,1.22
honda,20 Mar 2024,Lucas Cano,"July 21, 2000",Brazil,Free Agent,ZOWIE EC2-CW,400,1.2
fox,20 Mar 2024,Ricardo Pacheco,"November 15, 1986",Portugal,Free Agent,VAXEE XE Wireless Blue,400,4.70
DD,20 Mar 2024,Wu Hui,"August 11, 1994",China,Free Agent,ZOWIE S2 Divina Pink,400,3.09
adreN,17 Jan 2024,Eric Hoag,"April 26, 1990",United States,Retired,Logitech G Pro Wireless,400,2.25
Kvem,20 Mar 2024,Vladyslav Korol,"August 29, 2001",Ukraine,IKLA,Logitech G Pro X Superlight Magenta,400,3
neaLaN,20 Mar 2024,Sanzhar Iskhakov,"August 6, 2000",Kazakhstan,Free Agent,Razer Deathadder V3 Pro Black,400,2.00
maty,20 Mar 2024,Armandas Kneita,N/A,Lithuania,Free Agent,ZOWIE EC2-B Divina Pink,400,1.7
tudsoN,20 Mar 2024,Filip Tudev,"March 10, 2000",Poland,Free Agent,SteelSeries Prime Wireless,400,2.00
Lucky,21 Aug 2023,Philip Ewald,"December 13, 2002",Denmark,Espionage,SteelSeries Rival 300,1600,0.70
LUCAS1,20 Mar 2024,Lucas Teles,"July 14, 1995",Brazil,Flamengo Esports,Logitech G Pro X Superlight 2 Magenta,400,2.20
xsepower,20 Mar 2024,Bogdan Chernikov,"February 26, 1998",Russia,Free Agent,ZOWIE EC2-CW,400,2.20
Freeman,20 Mar 2024,WinghEi Cheung,"July 25, 1999",Hong Kong SAR China,TyLoo,ZOWIE FK1,400,2.20
Walco,20 Mar 2024,Colby Walsh,"November 12, 2001",Canada,NRG,Logitech G Pro X Superlight Black,400,1.55
steel,20 Mar 2024,Lucas Lopes,"November 19, 1993",Brazil,Retired,Razer Deathadder V3 Pro Black,400,1.60
MAJ3R,20 Mar 2024,Engin Kupeli,"January 25, 1991",Turkey,Eternal Fire,Logitech G Pro X Superlight 2 Black,400,1.8
JamYoung,20 Mar 2024,Yi Yang,"July 23, 2001",China,TyLoo,ZOWIE EC2-CW,400,2.2
wiz,20 Mar 2024,Jerric Jiang,"February 21, 2001",United States,Free Agent,Logitech G Pro X Superlight Black,800,1.2
malta,20 Mar 2024,Liam Schembri,"November 1, 2022",Australia,Retired,ZOWIE EC2-B Divina Pink,400,2.00
tenzki,20 Mar 2024,Jesper Mikalski,"June 25, 1994",Denmark,Free Agent,ZOWIE EC2-CW,400,1.80
Nifty,20 Mar 2024,Noah Francis,"November 23, 1997",United States,Free Agent,Logitech G Pro X Superlight Black,400,2.20
Maniac,20 Mar 2024,Mathieu Quiquerez,"June 29, 1990",Switzerland,Retired,Logitech G Pro X Superlight Black,800,1.05
stanislaw,20 Mar 2024,Peter Jarguz,"December 28, 1997",Canada,Wildcard Gaming,Razer Viper Ultimate,400,2.50
JDC,13 Feb 2024,Jon de Castro,"April 7, 2000",Germany,BIG,ZOWIE EC2-CW,400,2.10
Buzz,25 Nov 2023,Christian Møss Andersen,"March 14, 2003",Denmark,Astralis,Logitech G Pro X Superlight White,2300,0.42
meyern,28 Feb 2024,Ignacio Meyer,"September 10, 2002",Argentina,BESTIA,Logitech G Pro X Superlight Red,400,2.50
v1c7oR,20 Mar 2023,Viktor Dyankov,"July 28, 1994",Bulgaria,K1CK,Logitech G Pro X Superlight Black,800,0.64
h4rn,15 Aug 2023,Deyvid Benchev,"June 7, 2000",Bulgaria,Pompa Team,VAXEE ZYGEN NP-01,400,2.05
REDSTAR,03 Oct 2023,Hristiyan Pironkov,"August 15, 2001",Bulgaria,500,Logitech G Pro X Superlight 2 Magenta,400,2.00
speed4k,14 Feb 2024,Anton Titov,"June 4, 1996",Russia,Retired,Logitech G Pro X Superlight Black,400,2.00
allu,01 Jun 2023,Aleksi Jalli,"May 20, 1992",Finland,JANO Esports,Logitech G Pro X Superlight Black,400,3.00
aizy,16 Dec 2023,Philip Aistrup,"June 4, 1996",Denmark,Free Agent,Razer Deathadder V3 Pro Black,400,2.20
denis,06 Jan 2023,Denis Howell,"August 18, 1994",Germany,Free Agent,VAXEE ZYGEN NP-01,400,1.60
XigN,29 Dec 2022,Hyun-pyo Lee,"March 26, 1997",South Korea,Team NKT,SteelSeries Rival 110,400,2.2
balblna,28 Apr 2023,Gregory Oleinick,"January 15, 1996",Russia,Retired,ZOWIE EC1-A,400,3.00
mds,29 Dec 2022,Aleksandr Rubets,"August 13, 1998",Belarus,Websterz,Logitech G Pro X Superlight Black,400,2.01
Dosia,16 Nov 2023,Mikhail Stolyarov,"June 19, 1988",Russia,Forward Gaming,VAXEE OUTSET AX,400,2.8
mou,15 Nov 2023,Rüstem Tlepov,"October 17, 1991",Kazakhstan,Forward Gaming,Logitech G Pro X Superlight Black,400,2.70
AdreN,20 Mar 2024,Dauren Kystaubayev,"February 4, 1990",Kazakhstan,Content Creator,ZOWIE EC3-C,800,1.27
SANJI,28 Apr 2023,Sanjar Kuliev,"November 18, 1998",Uzbekistan,Retired,Xtrfy M4 Black,400,1.22
MODDII,23 Dec 2023,Andreas Fridh,"July 18, 1989",Sweden,Retired,ZOWIE EC1-A,400,2.20
Bubzkji,26 Nov 2023,Lucas Andersen,"July 3, 1998",Denmark,Retired,ZOWIE EC2-CW,800,0.8
USTILO,08 Jan 2024,Karlo Pivac,"August 10, 1993",Australia,Retired,Logitech G Pro X Superlight Black,800,1.20
Sonic,23 Dec 2023,Aran Groesbeek,"December 2, 1998",South Africa,Wildcard Gaming,ZOWIE EC2-CW,400,2.50
kressy,28 Dec 2022,Marko Đorđević,"July 19, 1996",Germany,Free Agent,ZOWIE S1,800,1.10
fl0m,09 Dec 2023,Erik Flom,"September 14, 1992",United States,Mythic,SteelSeries Prime Wireless,800,1.50
dennis,28 Nov 2023,Dennis Edman,"January 7, 1991",Sweden,Retired,Razer Deathadder V3 Pro Black,400,2.00
bondik,20 Feb 2024,Vlаdуslаv Nеchуроrchuk,"July 2, 1993",Ukraine,ESC Gaming,ZOWIE EC2-CW,1800,2.50
sycrone,29 Dec 2022,Dennis Nielsen,"February 11, 1996",Denmark,MOUZ,Razer Deathadder V3 Pro Black,400,1.80
EspiranTo,13 Mar 2024,Rokas Milasauskas,"April 12, 2001",Lithuania,Free Agent,Logitech G Pro X Superlight Black,400,3.09
NaToSaphiX,08 Nov 2023,Niels Christian Sillassen,"August 17, 1996",Denmark,Retired,Logitech G Pro X Superlight Black,800,1.00
oBo,27 Nov 2023,Owen Schlatter,"June 26, 2003",United States,Retired,ZOWIE EC2-B Divina Blue,400,2.20
HS,03 Feb 2024,Kevin Tarn,"December 15, 1996",Estonia,Free Agent,ZOWIE FK2,400,2.40
Edward,01 Jan 2024,Ioann Sukhariev,"December 28, 1987",Ukraine,Retired,Logitech G Pro X Superlight Black,400,1.90
Xizt,29 Dec 2022,Richard Landström,"February 22, 1991",Sweden,Heroic,ZOWIE EC2-A,400,3.00
MICHU,09 Dec 2023,Michał Müller,"December 29, 1996",Poland,IKLA,Razer Deathadder V3 Pro Black,800,0.47
doto,23 Jan 2024,Joonas Forss,"February 18, 1996",Finland,JANO Esports,Logitech G Pro X Superlight White,800,0.72
keiz,04 Jan 2024,Ruann Rotondano,"July 22, 2001",Brazil,Team oNe eSports,ZOWIE EC2-CW,400,1.8
waterfaLLZ,14 Feb 2024,Nikita Matveyev,"June 18, 1995",Russia,Retired,ZOWIE EC2-A,1600,0.90
kRYSTAL,28 Nov 2023,Kevin Amend,"July 23, 1993",Germany,Retired,Logitech MX518 HERO,800,1.50
gAuLeS,22 Nov 2023,Alexandre Chiqueta,"December 2, 1983",Brazil,Content Creator,Razer Viper Mini Signature Edition,400,2.20
hutji,14 Feb 2024,Pavel Lashkov,"September 13, 1995",Russia,Retired,ZOWIE ZA12,800,1.10
bit,30 Aug 2023,Bruno Lima,"July 16, 1990",Brazil,MIBR,ZOWIE EC2-B,400,2.30
ISSAA,07 Nov 2023,Issa Murad,"December 23, 1996",Jordan,JiJieHao International,ZOWIE EC2,400,2.80
smooya,05 Mar 2024,Owen Butterfield,"August 16, 1999",United Kingdom,The Witchers,Razer DeathAdder Chroma,400,1.80
kyxsan,05 Feb 2024,Damjan Stoilkovski,"May 26, 2000",North Macedonia,Heroic,Razer Deathadder V3 Pro Black,400,3.3
KrizzeN,28 Nov 2023,Aidyn Turlybekov,"September 24, 1999",Kazakhstan,Retired,Xtrfy M4 Black,400,2.20
emi,25 Nov 2023,Luka Vukovic,"September 5, 1993",Serbia,Pompa Team,ZOWIE EC2-B Divina Blue,400,1.77
phr,01 Mar 2023,Tomasz Wójcik,"September 26, 1996",Poland,Free Agent,VAXEE OUTSET AX,800,0.75
morelz,03 Feb 2024,Piotr Taterka,"July 28, 1994",Poland,Permitta Esports,ZOWIE EC2-CW,400,2.26
mouz,28 Dec 2022,Mikołaj Karolewski,"October 25, 1995",Poland,Free Agent,ZOWIE EC2-A,400,1.70
GruBy,20 Apr 2023,Dominik Świderski,"February 28, 1995",Poland,UNGENTIUM,VAXEE OUTSET AX,400,1.70
seized,18 Feb 2024,Denis Kostin,"September 9, 1994",Russia,9 Pandas,ZOWIE EC2-CW,400,2
GuardiaN,20 Feb 2024,Ladislav Kovács,"July 9, 1991",Slovakia,Free Agent,Xtrfy M4 Pink,400,1.50
xertioN,30 Dec 2023,Dorian Berman,"July 22, 2004",Israel,MOUZ,ZOWIE EC1-C,400,2.20
kolor,30 Aug 2023,Ádám Domoszlay,"October 26, 1999",Hungary,Free Agent,ZOWIE S1,800,1.10
CRUC1AL,14 Feb 2024,Joey Steusel,"February 4, 1997",Netherlands,Into The Breach,ZOWIE EC2-CW,400,2.50
rallen,02 Nov 2023,Karol Rodowicz,"June 8, 1994",Poland,Into The Breach,ZOWIE EC1-CW,1600,1.3
Surreal,30 Aug 2023,Kia Man,"May 11, 1996",United Kingdom,Endpoint,Logitech G Pro X Superlight Black,Unknown,1.60
draken,31 Jan 2024,William Sundin,"October 5, 1995",Sweden,IKLA,Razer Deathadder V3 Pro White,400,1.95
w0nderful,09 Feb 2024,Ihor Zhdanov,"December 14, 2004",Ukraine,Natus Vincere,Logitech G Pro X Superlight 2 Magenta,400,2.67
nqz,18 Mar 2024,Lucas Soares,"January 18, 2005",Brazil,paiN Gaming,Logitech G Pro X Superlight 2 Black,800,1.20
Nertz,01 Feb 2024,Guy Iluz,"July 12, 1999",Israel,Heroic,ZOWIE EC2-CW,400,1.9
clax,12 May 2023,Timur Sabirov,"June 8, 2002",Russia,9 Pandas,ZOWIE EC2-B,400,2.20
ztr,08 Dec 2023,Erik Gustafsson,"August 2, 2003",Sweden,Metizport,ZOWIE EC2-B,400,1.75
Lobanjica,12 Sep 2023,Nikola Mijomanović,"September 15, 1989",Montenegro,Unluko5,ZOWIE EC3-CW,800,1.70
Pimp,15 Mar 2024,Jacob Winneche,"July 31, 1995",Denmark,00Nation,SteelSeries Aerox 3 Wireless Ghost,1600,0.7
stfN,14 Feb 2024,Stefan Seier,"November 11, 1992",Germany,Retired,Glorious Model O White,400,2.30
DemQQ,25 Feb 2024,Serhii Demchenko,"May 23, 2001",Ukraine,Monte,Logitech G Pro X Superlight White,800,1.04
SIXER,18 Jan 2024,Cristophe Xia,"April 21, 1991",France,Free Agent,Logitech G Pro X Superlight Black,400,1.4
fitch,29 Apr 2023,Bektiyar Bahytov,"July 15, 1992",Kazakhstan,Golden Knights Gaming,Logitech G Pro X Superlight Black,400,1.50
Almazer,28 Apr 2023,Almaz Assadulin,"November 6, 1998",Russia,Trident Clan,Logitech G Pro X Superlight Black,400,2.90
skywhywalker,31 Aug 2023,Timur Leonov,"November 25, 2003",Russia,Free Agent,Logitech G Pro X Superlight Black,1200,1.666
HexT,15 Jan 2024,Jadan Postma,"October 30, 2001",Canada,NRG,Razer Deathadder V3 Pro White,400,1.4
Nodios,13 Mar 2024,Magnus Olsen,"May 7, 1999",Denmark,ECSTATIC,ZOWIE EC1-A,400,1.51
Xand,06 Oct 2023,Alexandre Zizi,"April 11, 1995",Brazil,Free Agent,VAXEE XE Wireless White,1600,0.25
LogaN,13 Mar 2024,Logan Corti,"June 18, 1998",France,Gentle Mates,Razer Deathadder V3 Pro Black,800,0.175
xms,02 Aug 2023,Alexandre Forté,"May 24, 1997",France,Karmine Corp,Razer Deathadder V3 Pro White,800,0.45
Raijin,08 Mar 2024,Konstantin Trubarov,"January 7, 2001",Russia,Free Agent,Logitech G Pro X Superlight Magenta,800,1
buda,24 Sep 2023,Nicolás Kramer,"February 24, 2003",Argentina,9z Team,Logitech G Pro X Superlight Black,400,1.8
s1n,01 Feb 2024,Elias Stein,"March 18, 2002",Germany,BIG,Logitech G Pro X Superlight Black,400,1.8
Annihilation,29 Jul 2023,Tuvshintugs Nyamdorj,"January 25, 2000",Mongolia,Free Agent,Logitech G Pro X Superlight White,400,1.48
fANDER,24 Feb 2024,Ilya Bagrev,"June 2, 1999",Russia,Content Creator,VAXEE OUTSET AX Wireless Orange,400,2
ngiN,19 Jun 2023,Engin Kor,"May 27, 1993",Turkey,Free Agent,Razer Deathadder V3 Pro Black,800,0.244
Smithzz,22 Feb 2024,Edouard Dubourdeaux,"December 17, 1988",France,Free Agent,VAXEE OUTSET AX Yellow,400,1.88
DavCost,07 Nov 2023,Vadim Vasilyev,"May 18, 1996",Russia,JiJieHao International,SteelSeries Rival 300,800,1.10
kinqie,17 Jan 2024,Semyon Lisitsyn,"November 7, 1991",Russia,Free Agent,Logitech G Pro Wireless,800,1.25
motm,28 Apr 2023,Ian Hardy,"October 23, 1999",United States,Strife,VAXEE XE Yellow,400,2.00
svyat,14 Feb 2024,Svyatoslav Dovbakh,"November 7, 1994",Russia,Retired,Cooler Master MM530,1200,0.625
Jackinho,12 Sep 2023,Jack Mattson,"March 7, 1999",Sweden,Metizport,Logitech G Pro X Superlight White,400,2.10
kory,10 Oct 2023,Kornél Szedlár,"July 12, 1998",Hungary,Rare Atom,Logitech G Pro X Superlight Black,800,1.5
1mpala,28 Feb 2024,Stefan Ailazian,"February 27, 1999",Ukraine,V1dar Gaming,Xtrfy M8 Frosty Purple,1600,1.57
jR,03 Oct 2023,Dmitriy Chervak,"October 22, 1993",Ukraine,Retired,ZOWIE EC1-B,800,1.00
rAge,14 Feb 2024,Dmitry Bolotov,"July 27, 1997",Ukraine,Retired,Xtrfy M4 Black,400,3.80
JUGi,02 Mar 2024,Jakob Hansen,"April 1, 1997",Denmark,Free Agent,Razer Deathadder V3 Pro Black,700,0.80
Moose,15 Feb 2024,Kaleb Jayne,"March 19, 1998",Canada,YFP Gaming,Razer Deathadder V3 Pro White,800,0.33
Mercury,03 Oct 2023,Jingxiang Wang,"December 15, 2000",China,TyLoo,ZOWIE S2,400,2.12
Vexite,28 Feb 2024,Declan Portelli,"September 5, 2004",Australia,Grayhound Gaming,ZOWIE EC2-CW,800,1.49
joel,06 Jan 2024,Joel Holmlund,"September 24, 2004",Sweden,TSM,Logitech G Pro X Superlight Black,400,2.1
erkaSt,14 Nov 2023,Erdenetsogt Gantulga,"March 19, 1995",Mongolia,Grayhound Gaming,Logitech G Pro X Superlight Black,400,2.2
somebody,05 Mar 2024,Haowen Xu,"July 3, 1995",China,Rare Atom,Logitech G Pro X Superlight 2 Magenta,400,1.77
Zeus,29 Dec 2022,Danylo Teslenko,"October 8, 1987",Ukraine,Retired,ZOWIE FK2,1600,0.43
RpK,29 Dec 2022,Cédric Guipouy,"August 12, 1989",France,Retired,ZOWIE S2 Divina Blue,400,1.35
RUBINO,28 Nov 2023,Ruben Villaroel,"March 21, 1994",Norway,Retired,VAXEE ZYGEN NP-01,400,0.62
summit1g,13 Jul 2023,Jaryd Lazar,"April 23, 1987",United States,Content Creator,Razer Deathadder V3 Pro Black,400,1.80
Starry,11 Mar 2024,Lizhi Ye,"January 3, 2005",China,Lynn Vision,Logitech G Pro X Superlight 2 Black,400,1.45
jL,20 Feb 2024,Justinas Lekavicius,"September 29, 1999",Lithuania,Natus Vincere,Razer Viper V3 Pro Black (Unreleased),800,1
fear,06 Mar 2024,Rodion Smyk,N/A,Ukraine,Passion UA,Logitech G Pro X Superlight 2 White,400,1.3
Rock1nG,29 Dec 2022,Ivan Stratiev,"August 19, 1996",Bulgaria,allStars Gaming,Logitech G Pro X Superlight White,400,1.8
TMB,22 Feb 2024,Thomas Bundsbæk,"February 3, 2002",Denmark,Preasy,ZOWIE EC3-C,800,0.9
S0TF1k,20 May 2023,Dmitry Forostyanko,"September 29, 1994",Russia,Team Spirit Academy,Logitech G Pro X Superlight Black,800,0.95
crush,29 Dec 2022,Igor Shevchenko,"August 12, 1995",Ukraine,Natus Vincere Jr.,ZOWIE EC2-B,400,1.57
kyuubii,01 Feb 2024,Can Kamber,"March 16, 2005",Germany,Fnatic,Razer DeathAdder V3 Pro Faker Edition,800,1.15
Dimaoneshot,06 Jun 2023,Dmitriy Bandurka,"January 27, 1995",Russia,Free Agent,Logitech G Pro X Superlight White,800,1.1
devoduvek,18 Jan 2024,David Dobrosavljevic,"November 3, 1994",France,Arcadia,VAXEE XE Wireless White,400,1.6
blocker,29 Dec 2022,Yanko Panov,"April 17, 1999",Bulgaria,Free Agent,ZOWIE EC2-C,400,1.75
MistR,28 Nov 2023,Mikkel Thomsen,"April 22, 2004",Denmark,Espionage,Logitech G Pro X Superlight Magenta,600,0.92
CacaNito,18 Mar 2024,Aleksandar Kjulukoski,"November 9, 2000",North Macedonia,Apeks,Logitech G Pro X Superlight Black,400,1.5
matys,17 Feb 2024,Matúš Šimko,N/A,Slovakia,Fnatic,Glorious Model O Wireless,800,0.9
Soulfly,08 Jan 2024,Caner Kesici,"June 16, 2004",Turkey,Free Agent,Logitech G Pro X Superlight Black,800,1.3
skullz,26 Feb 2024,Felipe Medeiros,"April 20, 2002",Brazil,Team Liquid,Razer Deathadder V3 Pro Black,800,0.7
kst,27 Sep 2023,Francisco Fragoso,"November 12, 2001",Portugal,Free Agent,ZOWIE EC1-A,400,2.5
Kaze,21 Nov 2023,Andrew Khong,"July 22, 1994",Malaysia,TyLoo,Logitech G Pro X Superlight 2 White,1600,0.4
Kaze,21 Nov 2023,Andrew Khong,"July 22, 1994",Malaysia,TyLoo,Logitech G Pro X Superlight 2 White,1600,0.4
suNny,15 Jan 2024,Miika Kemppi,"August 24, 1994",Finland,Ambush Esports,Logitech G Pro X Superlight White,800,0.825
sausol,20 Sep 2023,Pere Solsona Saumell,"May 31, 2000",Spain,Sangal,VAXEE ZYGEN NP-01,800,1.2
lux,02 Mar 2024,Lucas Meneghini,"April 18, 2002",Brazil,paiN Gaming,Razer Deathadder V3 Pro Black,800,0.99
ZOREE,12 Sep 2023,Lasse Uronen,"October 15, 1993",Finland,Retired,Zowie S1 Divina Pink,400,2.00
Jeorge,21 Dec 2023,Jeorge Endicott,"April 14, 2003",United States,Nouns Esports,Logitech G Pro X Superlight Black,800,1.55
seangares,29 Dec 2022,Sean Gares,"June 10, 1988",United States,100 Thieves,HyperX Pulsefire Haste,800,0.315
mertz,05 Jun 2023,Daniel Mertz,"September 29, 1998",Denmark,Free Agent,Logitech G Pro X Superlight Black,400,2.4
fostar,03 Feb 2024,Stanislav Ostashevskyi,"March 9, 2000",Ukraine,Free Agent,Zowie FK2-B,800,1.1
DEVIL,20 Apr 2023,Timothée Démolon,"December 11, 1994",France,The Dice,SteelSeries Sensei RAW,810,0.67
NEO,14 Nov 2023,Filip Kubski,"June 15, 1987",Poland,FaZe Clan,VAXEE OUTSET AX Glossy,800,1.05
TaZ,11 Dec 2023,Wiktor Wojtas,"July 6, 1986",Poland,G2 Esports,Razer Deathadder V3 Pro Black,400,1.55
ChrisJ,02 May 2023,Chris de Jong,"May 25, 1990",Netherlands,Retired,Dream Machines DM2 Comfy,800,1.19
togs,26 Dec 2023,Victor Rapassi,N/A,Brazil,Sharks Esports,ZOWIE EC2-CW,400,1.51
npl,12 Oct 2023,Andrii Kukharskyi,"July 21, 2005",Ukraine,B8 Esports,Logitech G Pro X Superlight Red,800,1.55
supra,15 Jan 2024,Anton Tšernobai,"October 9, 2000",Estonia,Free Agent,Logitech G Pro X Superlight 2 Black,400,2.20
innocent,01 Feb 2024,Paweł Mocek,"December 20, 1993",Poland,Team Secret,Logitech G Pro X Superlight White,800,0.90
Cooper,01 Feb 2024,Austin Abadir,"May 29, 1994",United States,Mythic,Logitech G Pro X Superlight Black,800,1.2
Lucaozy,05 Jun 2023,Lucas Neves,"October 16, 2001",Brazil,Fluxo,Logitech G Pro X Superlight Black,400,2
jemi,05 May 2023,Jemi Mäkinen,N/A,Finland,Cocolovers,Razer DeathAdder V2,400,1.4
xccurate,27 Feb 2024,Kevin Susanto,"February 18, 1998",Indonesia,T1,Logitech G Pro X Superlight 2 Black,400,0.59
iDISBALANCE,12 May 2023,Artem Egorov,"December 17, 1996",Russia,9 Pandas,Logitech G Pro X Superlight White,800,1.35
FlipiN,28 Nov 2023,Antonio Rivas Del Rey,"September 28, 1987",Spain,Content Creator,Logitech G Pro X Superlight 2 White,800,1.30
paz,30 Dec 2022,Ahmet Karahoca,"April 24, 1997",Turkey,Free Agent,Logitech G Pro X Superlight Black,400,2.4
freakazoid,24 Feb 2024,Ryan Abadir,"November 25, 1992",United States,Mythic,VAXEE XE Wireless Black,400,1.78
z4kr,17 Mar 2024,SiKe Zhang,"November 14, 2002",China,Lynn Vision,ZOWIE EC2-CW,400,2.2
cromen,28 Apr 2023,Jørgen Robertsen,"May 31, 1995",Norway,Retired,ZOWIE EC2-B Divina Blue,800,0.85
Golden,13 Jan 2023,Maikil Selim,"February 2, 1994",Sweden,GODSENT,ZOWIE EC2-A,400,1.60
DeStiNy,04 Mar 2024,Lucas Bullo,"October 30, 1997",Brazil,RED Canids,ZOWIE EC3-CW,400,2.00
realzin,16 Jun 2023,Antonio Oliviera,"July 1, 1995",Brazil,RED Canids,Logitech G Pro X Superlight Black,400,2.25
shz,05 Dec 2023,Bruno Martinelli,"April 21, 1998",Brazil,O PLANO,ZOWIE EC2-CW,400,1.25
zevy,13 Jul 2023,Romeu Rocco,"May 30, 2001",Brazil,Fluxo,Logitech G Pro X Superlight Magenta,800,1.6
Kristou,30 Aug 2023,Kristoffer Aamand,"January 5, 2002",Denmark,Astralis Talent,ZOWIE EC2-B,400,2.00
Queenix,18 Mar 2024,Jonas Dideriksen,"July 15, 1999",Denmark,ECSTATIC,ZOWIE EC2-C,400,2.2
Jyo,15 Jan 2024,Rassim Vallijev,"February 18, 1995",Estonia,sYnck,Logitech G Pro X Superlight Red,800,1.50
zehN,02 Feb 2023,Jesse Linjala,"November 7, 1991",Finland,Free Agent,Logitech G Pro Wireless,400,1.50
ramz1k,30 Aug 2023,Ramazan Bashizov,"December 9, 1999",Kazakhstan,Golden Knights Gaming,ZOWIE EC2-B,400,2.90
Znorux,13 Oct 2023,Derek Graham,N/A,Mexico,Content Creator,MSI Clutch GM41,1600,0.5
Radifaction,14 Feb 2024,Haakon Tholo,N/A,Norway,Retired,ZOWIE ZA11-B,800,0.925
TOAO,02 Mar 2024,Mateusz Zawistowski,"October 7, 1996",Poland,Enterprise Esports,Razer Deathadder V3 Pro White,800,1.10
jnt,28 Dec 2022,Jhonatan Silva,"May 22, 1994",Brazil,Sharks Esports,Logitech G Pro X Superlight Black,400,2.20
danoco,13 Apr 2023,Daniel Morgado,"December 14, 1995",Brazil,RED Canids,VAXEE XE Black,400,2.10
daps,08 Mar 2024,Damian Steele,"July 29, 1993",Canada,NRG,Logitech G Pro Wireless,400,1.70
sergej,29 Apr 2023,Jere Salo,"March 1, 2002",Finland,Retired,Finalmouse Ultralight 2,400,2.20
facecrack,29 Dec 2022,Dmitriy Alekseyev,"April 22, 1994",Russia,Invictus Gaming,ZOWIE EC2-B Divina Blue,400,1.725
captainMo,29 Apr 2023,Ke Liu,"May 30, 1989",China,Steel Helmet,ZOWIE EC2-B,800,0.80
yel,17 May 2023,Gustavo Knittel,"May 22, 1992",Brazil,O PLANO,Logitech G Pro X Superlight Black,800,1.30
k1to,30 Aug 2023,Nils Gruhne,"November 28, 1998",Germany,OG Esports,VAXEE XE Wireless Black,400,1.5
SHOOWTiME,20 Apr 2023,Gustavo Gonçalves,"April 1, 1997",Brazil,Corinthians,VAXEE OUTSET AX Yellow,400,1.90
MarKE,24 Nov 2023,Edgar Maldonado,"May 10, 1998",Mexico,Nouns Esports,ZOWIE EC2-CW,800,1.00
Rickeh,04 Mar 2023,Ricky Mulholland,"November 22, 1991",Australia,Retired,Logitech MX518 HERO,800,1.00
t0rick,21 Feb 2023,Maksim Zaikin,"July 6, 1994",Azerbaijan,Retired,Logitech G Pro Wireless,800,1.10
ableJ,28 Dec 2022,Rinaldo Moda Junior,"November 5, 1998",Brazil,Free Agent,ZOWIE S2 Divina Pink,800,0.90
ScrunK,15 Jan 2024,Robin Röpke,"July 10, 1995",Germany,Retired,Zowie FK2-B,800,1.05
mir,31 Oct 2023,Nikolay Bityukov,"January 10, 1996",Russia,Virtus.pro,ZOWIE EC2-CW,400,1.55
AMANEK,18 Jan 2024,François Delauney,"August 24, 1993",France,LDLC OL,Logitech G Pro X Superlight Black,800,1.55
Krimbo,15 Mar 2024,Karim Moussa,"September 26, 2002",Germany,BIG,Logitech G Pro X Superlight 2 Black,400,2.1
k0nfig,24 Feb 2024,Kristian Wienecke,"April 19, 1997",Denmark,Ninjas in Pyjamas,ZOWIE EC2-CW,400,2.2
blameF,18 Feb 2024,Benjamin Bremer,"June 10, 1997",Denmark,Astralis,Logitech G Pro X Superlight Magenta,400,1.65
VINI,09 Feb 2024,Vinicius Figueiredo,"May 20, 1999",Brazil,Imperial Esports,Logitech G Pro X Superlight White,1600,0.45
FalleN,02 Mar 2024,Gabriel Toledo,"May 30, 1991",Brazil,FURIA,ZOWIE EC1-CW,400,2.1
GeT_RiGhT,26 Feb 2024,Christopher Alesund,"May 29, 1990",Sweden,Content Creator,VAXEE XE Wireless Orange,400,2.9
fer,06 Jan 2024,Fernando Alvarenga,"October 30, 1991",Brazil,O PLANO,VAXEE ZYGEN NP-01 White,400,2.3
Stewie2k,13 Mar 2024,Jake Yip,"January 7, 1998",United States,Free Agent,ZOWIE U2,400,2.2
Farlig,19 Aug 2023,Asger Jensen,"March 17, 1999",Denmark,Free Agent,Razer Deathadder V3 Pro Black,400,2.14
Chawzyyy,29 Dec 2022,Hugo Günther,"March 11, 2005",Sweden,Free Agent,Logitech G Pro X Superlight Black,800,0.68
BOROS,20 Feb 2024,Mohammad Malhas,"May 4, 2004",Jordan,Falcons Esports,ZOWIE S2-C,400,1.7
HEN1,19 Mar 2024,Henrique Teles,"July 14, 1995",Brazil,Imperial Esports,ZOWIE EC2 RED V2,400,3.5
es3tag,20 Feb 2024,Patrick Hansen,"November 29, 1995",Denmark,Ninjas in Pyjamas,Logitech G Pro X Superlight Black,800,1.4
REZ,01 Feb 2024,Fredrik Sterner,"January 11, 1998",Sweden,Ninjas in Pyjamas,Logitech G Pro X Superlight 2 White,800,0.95
Brollan,10 Jan 2024,Ludvig Brolin,"June 17, 2002",Sweden,MOUZ,ZOWIE EC2-CW,800,1.3
Jimpphat,19 Mar 2024,Jimi Salo,"September 9, 2006",Finland,MOUZ,Razer Viper V3 Pro Black (Unreleased),400,1.5
misutaaa,18 Jan 2024,Kévin Rabier,"January 15, 2003",France,Into The Breach,Razer Deathadder V3 Pro White,400,1.35
Peppzor,22 Sep 2023,Peppe Borak,"July 23, 2002",Sweden,EYEBALLERS,ZOWIE EC3-CW,400,1.6
apEX,18 Jan 2024,Dan Madesclaire,"February 22, 1993",France,Team Vitality,Razer Deathadder V3 Pro White,400,1.6
Fessor,20 Feb 2024,Frederik Sørensen,"January 24, 2001",Denmark,Copenhagen Wolves,VAXEE OUTSET AX Wireless Orange,400,1.8
FURIOUSSS,02 Mar 2024,Anıl Bozdoğan,"January 23, 1998",Turkey,Content Creator,Razer Deathadder V3 Pro White,400,2.3
Maikelele,02 Feb 2023,Mikail Bill,"May 3, 1991",Sweden,Content Creator,Logitech G Pro X Superlight Black,400,2.2
Boombl4,26 Feb 2024,Kirill Mikhailov,"December 20, 1998",Russia,Cloud9,Razer Deathadder V3 Pro Black,400,1.45
Perfecto,18 Mar 2024,Ilya Zalutskiy,"November 24, 1999",Russia,Cloud9,ZOWIE U2,800,0.9
regali,16 Mar 2024,Iulian Harjău,"August 26, 2002",Romania,OG Esports,Razer Viper V3 Hyperspeed,400,3
RuStY,08 Feb 2024,Alfred Karlsson,"October 4, 1997",Sweden,GODSENT,ZOWIE S2 Divina Pink,400,1.7
iM,13 Mar 2024,Ivan Mihai,"July 29, 1999",Romania,Natus Vincere,Logitech G Pro X Superlight 2 White,400,2.3
poizon,25 Feb 2024,Valentin Vasilev,"November 29, 1998",Bulgaria,TSM,Logitech G Pro X Superlight Black,400,1.9
forsyy,16 Dec 2023,David Bílý,"November 12, 2001",Czechia,Dynamo Eclot,ZOWIE EC2-CW,400,2.5
Banjo,09 Dec 2023,Matias Kivistö,"May 15, 2004",Finland,HAVU,Pulsar Xlite V2 Wireless,800,1
Magisk,14 Feb 2024,Emil Reif,"March 5, 1998",Denmark,Falcons Esports,VAXEE OUTSET AX Wireless Blue,800,1
dupreeh,20 Feb 2024,Peter Rasmussen,"March 26, 1993",Denmark,Preasy,Logitech G Pro X Superlight 2 White,400,1.7
Zero,20 Mar 2023,Patrik Žúdel,"September 16, 1998",Slovakia,Retired,ZOWIE S1,800,0.95
isak,01 Feb 2024,Isak Fahlén,"September 2, 2001",Sweden,GamerLegion,ZOWIE EC2-CW,800,0.81
eraa,09 Jan 2024,Sean Knutsson,"August 12, 2001",Sweden,GODSENT,ZOWIE EC3-CW,400,1.8
tabseN,07 Feb 2024,Johannes Wodarz,"April 5, 1995",Germany,BIG,ZOWIE U2,400,1.28
refrezh,22 Feb 2024,Ismail Ali,"February 19, 1998",Denmark,Preasy,Logitech G Pro X Superlight 2 Black,400,1.90
cadiaN,02 Mar 2024,Casper Møller,"June 26, 1995",Denmark,Team Liquid,Logitech G Pro X Superlight 2 Black,400,2.4
FaNg,08 Mar 2024,Justin Coakley,"May 7, 2002",Canada,Free Agent,Razer Deathadder V3 Pro White,400,2.5
JT,08 Jun 2023,Johnny Theodosiou,"April 9, 1999",South Africa,Complexity,ZOWIE EC2-CW,400,2.75
Grim,02 Mar 2024,Michael Wince,"November 22, 2000",United States,Complexity,Logitech G Pro X Superlight Red,800,0.72
junior,21 Dec 2023,Paytyn Johnson,"December 10, 2000",United States,Nouns Esports,Razer DeathAdder V3 Pro Faker Edition,400,3.1
floppy,05 Feb 2024,Ricky Kemery,"December 31, 1999",United States,Complexity,Logitech G Pro X Superlight Magenta,800,1.2
Jerry,05 Dec 2023,Andrey Mekhryakov,"May 24, 1998",Russia,PARIVISION,ZOWIE EC2-CW,400,3.00
stavn,25 Nov 2023,Martin Lund,"March 26, 2002",Denmark,Astralis,ZOWIE EC2-CW,400,2.60
rigoN,15 Mar 2024,Rigon Gashi,"October 7, 1999",Switzerland,Guild Esports,Lamzu Atlantis Mini Pro,400,1.8
SENER1,02 Mar 2024,Sener Mahmuti,"January 19, 1997",Kosovo,Guild Esports,Logitech G Pro X Superlight 2 Magenta,400,2.35
Zyphon,28 Feb 2024,Rasmus Nordfoss,"February 18, 2004",Denmark,TSM,ZOWIE EC2-CW,400,1.5
jabbi,16 Mar 2024,Jakob Nygaard,"July 23, 2003",Denmark,Astralis,ZOWIE EC2-CW,800,0.90
roeJ,20 Feb 2024,Fredrik Jørgensen,"November 20, 1993",Denmark,Preasy,ZOWIE EC2-CW,400,1.85
HooXi,17 Feb 2024,Rasmus Nielsen,"May 21, 1995",Denmark,G2 Esports,Logitech G Pro X Superlight Red,400,1.8
nicoodoz,24 Feb 2024,Nico Tamjidi,"August 2, 2000",Denmark,Heroic,VAXEE OUTSET AX Wireless Yellow,800,1.25
sjuush,25 Feb 2024,Rasmus Beck,"January 3, 1999",Denmark,Heroic,ZOWIE EC2-CW,400,2.2
TeSeS,05 Feb 2024,René Madsen,"December 12, 2000",Denmark,Heroic,ZOWIE EC2-CW,800,1.10
gxx,13 Mar 2024,Genc Kolgeci,"May 3, 1999",Kosovo,Guild Esports,Razer Deathadder V3 Pro Black,400,2
KENSI,15 Nov 2023,Aleksandr Gurkin,"November 13, 2001",Russia,Aurora,Logitech G Pro X Superlight Black,400,1.55
zorte,18 Jan 2024,Aleksandr Zagodyrenko,"May 28, 1998",Russia,BetBoom Team,Pulsar Xlite V2 Wireless,800,1.15
Brehze,29 Nov 2023,Vincent Cayonte,"May 22, 1998",United States,NRG,Razer Deathadder V3 Pro White,400,3
RUSH,05 Sep 2023,Will Wierzba,"May 5, 1994",United States,Free Agent,Logitech G Pro X Superlight Black,800,1.3
interz,31 Jan 2024,Timofey Yakushin,"August 4, 2000",Russia,TSM,Logitech G Pro X Superlight Black,800,1.4
sh1ro,18 Mar 2024,Dmitriy Sokolov,"July 15, 2001",Russia,Team Spirit,Logitech G Pro X Superlight 2 Black,800,1.04
HObbit,03 Feb 2024,Abay Khasenov,"May 18, 1994",Kazakhstan,Cloud9,Logitech G Pro X Superlight 2 White,400,2.2
Xyp9x,11 Mar 2024,Andreas Højsleth,"September 11, 1995",Denmark,Free Agent,Logitech G Pro X Superlight Red,400,2
gla1ve,01 Feb 2024,Lukas Rossander,"June 7, 1995",Denmark,ENCE,ZOWIE EC1-CW,400,1.8
mwlky,23 Feb 2024,Łukasz Pachucki,N/A,Poland,Entropiq,Logitech G Pro X Superlight Magenta,400,2.3
CeRq,31 Dec 2023,Cvetelin Dimitrov,"December 7, 1999",Bulgaria,Bleed eSports,ZOWIE EC2 RED V2,400,2.2
EliGE,04 Mar 2024,Jonathan Jablonowski,"July 19, 1997",United States,Complexity,Logitech G Pro X Superlight 2 Black,1600,0.74
XELLOW,22 Feb 2024,Adrian Guță,"October 6, 2000",Romania,Nexus Gaming,Logitech G Pro X Superlight 2 Black,400,2
FinigaN,29 Dec 2022,Vladislav Usov,"February 16, 1999",Russia,Free Agent,Logitech G Pro X Superlight White,400,2.4
brzer,26 Dec 2023,Benjamin Jensen,"December 20, 2001",Denmark,CEPTER,ZOWIE EC2-CW,400,3.09
NAF,04 Mar 2024,Keith Markovic,"November 24, 1997",Canada,Team Liquid,Razer Viper V3 Pro Black (Unreleased),400,1.60
dav1deuS,03 Mar 2024,David Tapia Maldonado,"June 7, 2000",Chile,RED Canids,ZOWIE EC2-B,400,3.06
rox,28 Apr 2023,Martin Molina,"September 15, 2002",Argentina,Free Agent,VAXEE ZYGEN NP-01S Glossy,800,2.2
max,28 Dec 2022,Maximiliano Gonzalez,"June 15, 1999",Uruguay,9z Team,Logitech G403 HERO,800,1
shox,14 Jan 2024,Richard Papillon,"May 27, 1992",France,Free Agent,ZOWIE FK1+-C,400,1.75
oSee,29 Nov 2023,Joshua Ohm,"May 31, 1999",United States,NRG,Logitech G Pro X Superlight 2 White,800,0.85
ultimate,01 Mar 2023,Roland Tomkowiak,N/A,Poland,Free Agent,Razer Viper Ultimate,400,2.1
Jamppi,06 Mar 2024,Elias Olkkonen,"July 22, 2001",Finland,Team Liquid,ZOWIE EC1-CW,800,0.317
F1KU,11 Oct 2023,Maciej Miklas,"May 29, 2003",Poland,OG Esports,ZOWIE EC1-CW,400,1.7
Furlan,25 May 2023,Damian Kisłowski,"December 29, 1994",Poland,Free Agent,Razer Deathadder V3 Pro Black,800,1.3
s1ren,18 Feb 2024,Pavel Ogloblin,"July 16, 2002",Russia,BetBoom Team,Logitech G Pro X Superlight Magenta,800,1.5
jedqr,25 May 2023,Grzegorz Jędras,"November 3, 1998",Poland,Free Agent,ZOWIE ZA11-B,800,1.5
Goofy,28 Feb 2024,Krzysztof Górski,"August 29, 2000",Poland,ENCE,Logitech G Pro X Superlight 2 Black,800,1
Sobol,28 Dec 2022,Kamil Sobolewski,"January 24, 1998",Poland,Free Agent,Logitech G Pro X Superlight White,400,1.7
Marix,18 Nov 2023,Max Kugener,"July 30, 2003",Luxembourg,Entropiq,Pulsar Xlite V2 Wireless,1600,0.35
Staehr,27 Sep 2023,Victor Staehr,"July 19, 2004",Denmark,Astralis,Logitech G Pro X Superlight Magenta,800,1.2
leman,01 Mar 2023,Eryk Kocęba,"January 21, 1997",Poland,Free Agent,ZOWIE S2 Divina Pink,400,3
Grashog,13 Mar 2024,Denis Hristov,N/A,Bulgaria,500,Razer Viper Ultimate,800,1.1525
kRaSnaL,26 Feb 2024,Szymon Mrozek,"April 2, 2003",Poland,Monte,Logitech G Pro X Superlight 2 Black,400,1.7
Nivera,14 Mar 2024,Nabil Benrlitom,"June 10, 2001",Belgium,Karmine Corp,Razer Deathadder V3 Pro White,800,0.55
vanity,30 Oct 2023,Anthony Malaspina,"December 4, 1998",United States,Cloud9,ZOWIE EC2-CW,1600,0.141
xeta,15 Feb 2024,Seon-Ho Son,"June 3, 1997",South Korea,Retired,Logitech G Pro X Superlight Red,400,0.58
Aleksib,09 Feb 2024,Aleksi Virolainen,"March 30, 1997",Finland,Natus Vincere,Logitech G Pro X Superlight Red,800,1.05
D0cC,28 Feb 2024,Shuaib Ahmad,"September 4, 2000",Netherlands,Twisted Minds,ZOWIE EC2 RED V2,400,1.8
slaxz,14 Mar 2024,Fritz Dietrich,"November 25, 1998",Germany,M80,WLMouse BEAST X Mini Black,400,2.25
Spiidi,30 Dec 2023,Timo Richter,"September 13, 1995",Germany,Retired,Logitech G Pro X Superlight Black,800,0.8
raalz,30 Aug 2023,Rasmus Steensborg,"July 30, 1995",Denmark,Sprout,ZOWIE EC1,400,1.6
Norwi,16 Mar 2024,Evgeniy Ermolin,"March 20, 2001",Russia,Aurora,Razer Deathadder V3 Pro White,800,0.6
fame,19 Mar 2024,Pyotr Bolyshev,"March 3, 2003",Russia,Virtus.pro,Logitech G Pro X Superlight 2 White,800,1.10
FASHR,13 Mar 2024,Dion Derksen,"January 10, 1996",Netherlands,Free Agent,ZOWIE EC2-CW,800,1.00
Recrent,06 Mar 2024,Dmitrii Osintsev,"June 26, 1997",Russia,Content Creator,Lamzu Maya,800,4.33
X5G7V,05 Dec 2023,Daniil Maryshev,N/A,Russia,PARIVISION,Logitech G Pro X Superlight White,800,1.05
sinnopsyy,14 Nov 2023,Dionis Budeci,"July 24, 1995",Albania,Guild Esports,Logitech G Pro X Superlight White,400,3.25
juanflatroo,22 Feb 2024,Flatron Halimi,"March 18, 1997",Kosovo,Guild Esports,Razer Deathadder V3 Pro Black,400,2.3
mhL,01 Mar 2024,Miłosz Knasiak,"March 3, 2002",Poland,Falcons Esports,ZOWIE EC2-CW,400,2
siuhy,05 Feb 2024,Kamil Szkaradek,"August 26, 2002",Poland,MOUZ,Razer Deathadder V3 Pro White,400,1.7
szejn,30 Dec 2023,Hubert Światły,"January 4, 2002",Poland,Copenhagen Wolves,ZOWIE EC2-B Divina Blue,400,3.125
JOTA,08 Jan 2024,Jhonatan Willian,"February 2, 1998",Brazil,Los Grandes,ZOWIE EC3-CW,800,2.5
Tuurtle,07 Feb 2024,Matheus Marques Anhaia,"October 31, 1998",Brazil,ODDIK,ZOWIE EC2-CW,400,1.5
shalfey,12 May 2023,Aleksandr Marenov,"June 8, 2002",Russia,forZe,Logitech G Pro X Superlight White,400,2.01
coldzera,19 Nov 2023,Marcelo David,"October 31, 1994",Brazil,Legacy,Logitech G Pro X Superlight 2 White,800,1.10
Daffu,25 May 2023,Jakob Schildt,"September 24, 1997",Denmark,Free Agent,Video,Unknown,Unknown
maNkz,03 Feb 2024,Marcus Kjeldsen,"April 21, 1998",Denmark,M80,Video,800,1.15
birdfromsky,18 Dec 2023,Thomas Due Frederiksen,"September 9, 1993",Denmark,00Nation,ZOWIE EC2-CW,800,0.88
BnTeT,29 Dec 2022,Hansel Ferdinand,"August 28, 1995",Indonesia,Team NKT,Logitech G Pro X Superlight White,810,1.10
WOOD7,05 Mar 2024,Adriano Cerato,"May 23, 1995",Brazil,ODDIK,ZOWIE EC2-CW,800,1.25
brnz4n,20 Nov 2023,Breno Poletto,"August 26, 2003",Brazil,MIBR,VAXEE ZYGEN NP-01S Wireless Blue,400,1.9
kraghen,22 Feb 2024,Tobias Kragh Jensen,"July 2, 2002",Denmark,ECSTATIC,Logitech G Pro X Superlight 2 White,800,0.85
rain,16 Mar 2024,Håvard Nygaard,"August 27, 1994",Norway,FaZe Clan,Logitech G Pro X Superlight 2 White,400,1.65
Python,07 May 2023,Jordan Munck-Foehrle,"November 16, 2001",France,Falcons Esports,ZOWIE EC2-C,400,1.15
autimatic,10 Mar 2024,Timothy Ta,"September 10, 1996",United States,NRG,Logitech G Pro X Superlight 2 White,800,1.125
nitr0,05 Jan 2024,Nicholas Cannella,"August 16, 1995",United States,M80,VAXEE XE Wireless Blue,400,0.7
tarik,12 Feb 2024,Tarik Celik,"February 18, 1996",United States,Sentinels,Finalmouse Ultralight X Large,800,0.471
JASONR,20 Dec 2023,Jason Ruchelski,"August 2, 1994",Canada,Content Creator,Logitech G Pro X Superlight Black,400,1.95
Relyks,04 Apr 2023,Skyler Weaver,"January 12, 1995",United States,Free Agent,Logitech G Pro X Superlight Black,400,0.79
Drone,05 Apr 2023,Taylor Johnson,"August 29, 1997",United States,Free Agent,Logitech G Pro X Superlight Black,800,0.34
Cutler,29 Dec 2022,Stephen Cutler,"November 27, 1998",United States,Free Agent,Logitech G Pro X Superlight Black,800,0.3
nython,09 May 2023,Gabriel Lino,"October 10, 1997",Brazil,Paquetá Gaming,Logitech G Pro X Superlight Black,800,1.2
headtr1ck,06 Mar 2024,Danyyl Valitov,"June 30, 2004",Ukraine,Ninjas in Pyjamas,Logitech G Pro X Superlight White,400,2.3
dgt,19 Sep 2023,Franco Garcia,"May 12, 2001",Uruguay,9z Team,Logitech G403 HERO,400,1.3
karrigan,17 Feb 2024,Finn Andersen,"April 14, 1990",Denmark,FaZe Clan,Razer Deathadder V3 Pro Black,400,1.8
dephh,14 Mar 2024,Rory Jackson,"December 23, 1991",United Kingdom,M80,Logitech G Pro X Superlight Black,450,2.00
broky,14 Feb 2024,Helvijs Saukants,"February 14, 2001",Latvia,FaZe Clan,Logitech G Pro X Superlight 2 Black,400,1.9
JACKZ,18 Jan 2024,Audric Jug,"July 7, 1992",France,TSM,Razer DeathAdder Elite,400,1.661
AZK,04 Apr 2023,Kevin Larivière,"March 25, 1991",Canada,Retired,Logitech G Pro Wireless,400,0.628
Skadoodle,27 Nov 2023,Tyler Latham,"July 21, 1993",United States,Retired,Logitech G Pro X Superlight Black,400,1.90
mixwell,14 Feb 2024,Oscar Cañellas Colocho,"October 10, 1995",Spain,Retired,Logitech G703,400,0.69
Ethan,14 Mar 2024,Ethan Arnold,"March 2, 2000",United States,NRG,ZOWIE EC3-CW,400,0.68
Hiko,18 Nov 2023,Spencer Martin,"March 6, 1990",United States,Content Creator,ASUS ROG Harpe Ace,1600,1.07
huNter,25 Feb 2024,Nemanja Kovač,"January 3, 1996",Bosnia & Herzegovina,G2 Esports,Logitech G Pro X Superlight 2 White,400,2.2
SicK,27 Nov 2023,Hunter Mims,"September 2, 1998",United States,Sentinels,Logitech G900,800,0.235
ShahZaM,19 Oct 2023,Shahzeb Khan,"October 8, 1993",United States,G2 Esports,Logitech G703,800,0.265
FNS,06 Mar 2024,Pujan Mehta,"March 19, 1992",Canada,Free Agent,Logitech G Pro X Superlight 2 Black,400,0.55
ANGE1,31 Jan 2024,Kirill Karasiow,"September 10, 1989",Ukraine,Natus Vincere,Razer Deathadder V3 Pro White,800,0.5
Subroza,15 Feb 2024,Yassine Taoufik,"July 6, 1997",Canada,Free Agent,Logitech G Pro X Superlight Black,800,0.277
Zellsis,28 Feb 2024,Jordan Montemurro,"March 2, 1998",United States,Sentinels,Logitech G Pro X Superlight Black,800,0.215
pyth,27 Nov 2023,Jacob Mourujärvi,"September 21, 1993",Sweden,Free Agent,ZOWIE EC2-CW,400,2.20
brax,05 Mar 2024,Braxton Pierce,"September 20, 1996",United States,Content Creator,Pulsar Xlite V3 Es,400,1.75
dimasick,30 Oct 2023,Dmitry Matvienko,"July 6, 1996",Kazakhstan,Free Agent,Razer Deathadder V3 Pro Black,400,0.75
vice,19 Jun 2023,Daniel Kim,"November 9, 1995",United States,Free Agent,Logitech G Pro Wireless,800,0.245
steel,15 Jan 2024,Joshua Nissan,"December 28, 1989",Canada,Free Agent,Razer Viper V2 Pro Black,800,1.30
lowel,15 Feb 2024,Christian Garcia Antoran,"December 11, 1996",Spain,Case Esports,Logitech G Pro X Superlight Black,400,0.566
s0m,27 Feb 2024,Sam Oh,"June 7, 2002",United States,Free Agent,Logitech G Pro X Superlight 2 White,400,0.8
hazed,27 Nov 2023,James Cobb,"May 22, 1989",United States,Retired,Logitech G Pro X Superlight Black,800,0.35
tiziaN,21 Dec 2023,Tizian Feldbusch,"June 15, 1996",Germany,Entropiq,Endgame Gear XM2we White,400,1.7
flusha,20 Feb 2024,Robin Rönnquist,"August 12, 1993",Sweden,Retired,Xtrfy M4 Black,400,1.75
Snax,25 Feb 2024,Janusz Pogorzelski,"July 5, 1993",Poland,GamerLegion,Endgame Gear OP1 8k White,400,2.06
PKL,13 Jul 2023,Vinícios Coelho,"July 21, 1994",Brazil,Fluxo,Razer Deathadder V3 Pro Black,400,2.20
cajunb,20 Apr 2023,René Borg,"December 13, 1989",Denmark,Retired,ZOWIE EC1,400,2.20
SLOWLY,25 Nov 2023,Kelun Sun,"September 23, 2001",China,Free Agent,ZOWIE EC3-C,400,1.50
KioShiMa,21 Feb 2023,Fabien Fiey,"July 29, 1994",France,Retired,Logitech G Pro Wireless,400,2.20
mirbit,29 Dec 2022,Sabit Coktasar,"November 4, 1996",Germany,Nordavind,Logitech G Pro X Superlight Black,800,0.90
NickelBack,13 Mar 2024,Alexey Trofimov,"July 17, 1997",Russia,AMKAL,Logitech G Pro X Superlight Red,800,0.80
Lack1,08 Jan 2024,Viktor Boldyrev,"August 20, 1999",Kazakhstan,Aurora,ZOWIE EC2-CW,800,1.1
Krad,18 Mar 2024,Vladislav Kravchenko,"January 9, 1999",Russia,AMKAL,ZOWIE U2,400,2.4
latto,05 Mar 2024,Bruno Rebelatto,"December 21, 2002",Brazil,Legacy,Logitech G Pro X Superlight 2 White,400,2
dream3r,28 Nov 2023,Simeon Ganev,"January 28, 1997",Bulgaria,Retired,Video,Unknown,Unknown
mezii,25 Feb 2024,William Merriman,"October 15, 1998",United Kingdom,Team Vitality,VAXEE XE Wireless Orange,400,1.7
b0RUP,01 Jan 2024,Johannes Borup,"September 29, 1999",Denmark,Sashi,ZOWIE EC2-CW,400,2.00
MiGHTYMAX,05 Sep 2023,Max Heath,"July 14, 1997",United Kingdom,Endpoint,Endgame Gear XM1 White,400,1.60
sterling,30 Aug 2023,Euan Moore,"June 27, 1998",New Zealand,Encore Esports Club,ZOWIE S2 Divina Pink,400,2.20
DANK1NG,25 Feb 2024,Zhenghao Lyu,"September 15, 1999",China,TyLoo,Razer Viper Mini Signature Edition,800,1.25
Summer,10 Oct 2023,YuLun Cai,"May 16, 1997",China,Rare Atom,ZOWIE EC2-B,400,2.00
Attacker,17 Feb 2024,YuanZhang Sheng,"January 7, 1997",China,Steel Helmet,ZOWIE FK2-C,400,1.7
Rainwaker,21 Dec 2023,Aleks Petrov,"April 27, 2001",Bulgaria,500,ZOWIE EC2-CW,400,2.20
dennyslaw,21 Sep 2023,Denislav Dimitrov,"November 17, 1999",Bulgaria,500,Logitech G Pro X Superlight White,400,1.4
Forester,28 Dec 2023,Igor Bezotecheskiy,"January 3, 2000",Russia,AMKAL,Logitech G Pro X Superlight Black,800,0.70
El1an,22 Nov 2023,Aleksey Gusev,"July 19, 1999",Russia,Free Agent,VAXEE NP-01S Yellow,800,0.9
LNZ,28 Nov 2023,Linus Holtäng,"October 20, 2002",Sweden,Sangal,ZOWIE EC2-CW,400,1.70
phzy,08 Dec 2023,Love Smidebrant,"September 24, 2002",Sweden,Rare Atom,Logitech G Pro X Superlight Black,800,1.75
boX,30 Aug 2023,Anton Burko,"February 16, 1995",Belarus,Websterz,SteelSeries Sensei Ten,800,1.58
Wolfy,29 Dec 2023,Adam Andersson,"December 8, 1998",Sweden,Party Astronauts,Logitech G Pro X Superlight Black,400,1.85
alex,01 Feb 2024,Alejandro Masanet Candela,"December 15, 1995",Spain,Ninjas in Pyjamas,ZOWIE EC2-CW,400,1.5
mopoz,17 Mar 2024,Alejandro Fernández-Quejo Cano,"August 7, 1996",Spain,KOI,ZOWIE FK1+,400,1.4
hAdji,14 Feb 2024,Ali Haïnouss,"November 3, 1995",France,3DMAX,Razer Viper V3 Pro White (Unreleased),400,2.00
dav1g,01 Feb 2024,David Granado Bermudo,"June 6, 2001",Spain,KOI,ZOWIE EC2-CW,400,2.20
SunPayus,24 Jan 2024,Alvaro Garcia,"November 19, 1998",Spain,Falcons Esports,Logitech G Pro X Superlight 2 White,400,1.90
olofmeister,04 Mar 2024,Olof Kajbjer Gustafsson,"January 31, 1992",Sweden,FaZe Clan,Logitech G Pro X Superlight Black,800,1.1
pashaBiceps,09 Mar 2024,Jarosław Jarząbkowski,"April 11, 1988",Poland,Content Creator,Razer Deathadder V3 Pro Black,400,1.4
felps,09 Dec 2023,João Vasconcellos,"December 16, 1996",Brazil,Imperial Esports,ZOWIE EC2-CW,400,2.00
TACO,18 Feb 2024,Epitácio de Melo,"January 24, 1995",Brazil,O PLANO,VAXEE XE Wireless Yellow,400,1.6
dumau,05 Mar 2024,Eduardo Wolkmer,"November 9, 2003",Brazil,Legacy,Logitech G Pro X Superlight 2 White,800,1.01
b4rtiN,18 Mar 2024,Bruno Câmara,"January 11, 2002",Brazil,Legacy,ZOWIE ZA12-B,400,2.1
anarkez,09 Jan 2024,Guy Trachtman,"November 8, 1999",Israel,Team Secret,ZOWIE EC3-CW,500,3
shokz,30 Aug 2023,Kristjan Jakobson,"December 23, 1997",Estonia,Finest,ZOWIE EC2,1600,0.43
kreaz,21 Dec 2023,Rasmus Johansson,"April 10, 1998",Sweden,Dynamo Eclot,ZOWIE FK1+-B,400,2.00
n0thing,03 Mar 2024,Jordan Gilbert,"October 25, 1990",United States,Content Creator,Logitech G100S Custom,1600,0.50
PlesseN,06 Mar 2024,Niclas Plessen,"May 29, 1998",Sweden,Alliance,Razer Viper V2 Pro Black,800,1.4
bodyy,18 Jan 2024,Alexandre Pianaro,"January 8, 1997",France,Fnatic,Razer Viper V3 Hyperspeed,400,3
JW,30 Aug 2023,Jesper Wecksell,"February 23, 1995",Sweden,EYEBALLERS,Logitech G Pro X Superlight Black,400,1.9
gade,29 Dec 2022,Nicklas Gade,"November 6, 1994",Denmark,Retired,Logitech G Pro X Superlight Black,400,2.20
SZPERO,18 Jan 2024,Grzegorz Dziamałek,"June 6, 1991",Poland,Retired,ZOWIE EC2-CW,800,0.9
snatchie,20 Jun 2023,Michał Rudzki,"January 31, 1998",Poland,Free Agent,ZOWIE EC1,400,1.35
xns,29 Dec 2022,Enzo Almeida,N/A,Brazil,Team oNe eSports,ZOWIE EC2-A White,400,2.30
prt,28 Dec 2022,Matheus Scuvero,"December 18, 1997",Brazil,Free Agent,ZOWIE EC2,400,2.00
pesadelo,18 Dec 2023,Matheus Panisset,"August 12, 1999",Brazil,Team oNe eSports,ZOWIE EC2-CW,400,3.09
Maluk3,13 Jul 2023,Pedro Campos,"March 21, 1990",Brazil,Team oNe eSports,SteelSeries Sensei Ten,400,2.00
trk,29 Apr 2023,Alencar Rossato,"June 24, 1995",Brazil,Team oNe eSports,ZOWIE FK1-C,400,2.20
Kyojin,21 Feb 2024,Jayson Nguyen,"April 2, 1999",France,Free Agent,Logitech G Pro X Superlight 2 Magenta,800,1.25
Keoz,18 Feb 2024,Nicolas Dgus,"December 29, 2000",Belgium,GamerLegion,VAXEE OUTSET AX Wireless Blue,400,2.0608
nawwk,18 Mar 2024,Tim Jonasson,"October 30, 1997",Sweden,Apeks,Logitech G Pro X Superlight 2 Magenta,400,3.09
STYKO,07 Mar 2024,Martin Styk,"February 23, 1996",Slovakia,Apeks,Razer DeathAdder V3 Pro Faker Edition,400,1.6
Kvik,29 Dec 2022,Aurimas Kvakšys,"November 18, 1995",Lithuania,Free Agent,Logitech G Pro X Superlight Black,400,1.40
jmqa,30 Aug 2023,Savely Bragin,"April 17, 1997",Russia,Free Agent,ZOWIE FK2-C,800,1.35
sLowi,08 Feb 2024,Olli Pitkänen,"February 27, 1996",Finland,Free Agent,Logitech G Pro X Superlight 2 Magenta,400,3.20
ottoNd,29 Apr 2023,Otto Sihvo,"November 7, 1997",Finland,HAVU,Finalmouse Ultralight 2,400,1.77
xseveN,02 Aug 2023,Sami Laasanen,"August 14, 1994",Finland,Retired,VAXEE ZYGEN NP-01S,800,0.90
Aerial,31 May 2023,Jani Jussila,"June 11, 1993",Finland,HAVU,ZOWIE EC2-A,400,2.20
Kjaerbye,26 Nov 2023,Markus Kjærbye,"April 27, 1998",Denmark,Free Agent,SteelSeries Aerox 3 Wireless Black,400,1.60
AcilioN,12 Sep 2023,Asger Larsen,"September 25, 1996",Denmark,Retired,ZOWIE FK1+,400,2.20
jkaem,30 Aug 2023,Joakim Myrbostad,"February 27, 1994",Norway,Apeks,ZOWIE EC2-CW,400,1.60
Maka,14 Feb 2024,Bryan Canda,"July 6, 1997",France,3DMAX,Razer Viper V3 Pro White (Unreleased),400,2.00
Woro2k,22 Feb 2024,Volodymyr Veletniuk,"August 8, 2001",Ukraine,Monte,Logitech G Pro X Superlight 2 Black,400,2.03
flamie,16 Mar 2024,Egor Vasilyev,"April 5, 1997",Russia,CYBERSHOKE,WLMouse BEAST X Silver,400,1.60
lollipop21k,24 Feb 2024,Igor Solodkov,"June 21, 1996",Belarus,Betera,Logitech G Pro X Superlight 2 Magenta,800,1.25
Jonji,31 Jul 2023,Jonathan Carey,"September 5, 1999",Canada,Free Agent,Razer Deathadder V3 Pro Black,400,2.00
lauNX,15 Mar 2024,Laurentiu Tarlea,"May 10, 2005",Romania,Falcons Esports,Logitech G Pro X Superlight Black,800,1.5
HEAP,04 Jan 2024,Ludvig Alonso,"December 24, 1999",Sweden,EYEBALLERS,ZOWIE EC2-CW,400,1.45
hallzerk,04 Mar 2024,Håkon Fjærli,"July 14, 2000",Norway,Complexity,ZOWIE EC2-CW,400,1.7
f0rest,03 Oct 2023,Patrik Lindberg,"June 10, 1988",Sweden,Free Agent,Xtrfy MZ1 Wireless,400,3.50
friberg,30 Dec 2023,Adam Friberg,"October 19, 1991",Sweden,Free Agent,VAXEE OUTSET AX Wireless Yellow,800,1.10
n0rb3r7,17 Feb 2024,David Daniyelyan,"March 11, 2001",Armenia,Virtus.pro,Logitech G Pro X Superlight 2 White,800,1.55
deko,20 Feb 2024,Denis Zhukov,"July 10, 2001",Russia,Aurora,Razer Viper V2 Pro White,800,1.35
leo_drk,08 Jan 2024,Leonardo Oliveira,"October 19, 1999",Brazil,Los Grandes,Pulsar Xlite Wireless,400,1.40
ZEDKO,16 Dec 2023,Jindřich Chyba,"May 3, 1998",Czechia,Team Sampi,VAXEE OUTSET AX,800,0.49
beastik,28 Dec 2022,Sebastian Daňo,"January 5, 1998",Czechia,SINNERS Esports,Xtrfy M4 Black,500,0.90
NBK-,02 Mar 2024,Nathan Schmitt,"June 5, 1994",France,Falcons Esports,ZOWIE S2 Divina Blue,800,1.20
jks,27 Feb 2024,Justin Savage,"December 12, 1995",Australia,Free Agent,Razer Deathadder V3 Pro White,400,1.7
sdy,22 Feb 2024,Victor Orudzhev,"March 14, 1997",Ukraine,Monte,Razer Viper V3 Pro White (Unreleased),800,1
kNgV-,06 Jan 2024,Vito Giuseppe,"September 26, 1992",Brazil,O PLANO,Logitech G Pro X Superlight White,400,3.1
try,14 Sep 2023,Santino Rigal,"September 23, 2004",Argentina,9z Team,ZOWIE EC2-CW,400,2.909
malbsMd,05 Mar 2024,Mario Samayoa,"October 17, 2002",Guatemala,M80,Logitech G Pro X Superlight 2 Black,400,2.00
vsm,27 Oct 2023,Vinicius Moreira,"July 2, 1999",Brazil,Fluxo,ZOWIE EC3-CW,800,1.2
ALEX,29 Dec 2022,Alex McMeekin,"September 28, 1995",United Kingdom,Free Agent,Razer Deathadder V3 Pro Black,400,2.00
Lucky,20 Mar 2024,Lukas Chastang,"April 6, 1998",France,3DMAX,Logitech G Pro X Superlight Black,400,3.09
NEKIZ,23 Sep 2023,Gabriel Schenato,"November 17, 1995",Brazil,Legacy,Logitech G Pro X Superlight White,400,2.6
maden,16 Mar 2024,Pavle Bošković,"November 12, 1998",Montenegro,Falcons Esports,ZOWIE EC2-C,800,2
Spinx,15 Jan 2024,Lotan Giladi,"September 13, 2000",Israel,Team Vitality,Razer Deathadder V3 Pro White,900,1.1
hades,11 Mar 2024,Aleksander Miskiewicz,"January 1, 2000",Poland,ENCE,ZOWIE U2,400,1.9
dycha,18 Mar 2024,Paweł Dycha,"August 11, 1997",Poland,ENCE,ZOWIE EC2-CW,400,1.86
Snappi,14 Feb 2024,Marco Pfeiffer,"June 9, 1990",Denmark,Falcons Esports,ZOWIE U2,400,1.95
MSL,22 Sep 2023,Mathias Lauridsen,"December 6, 1994",Denmark,Retired,Pulsar Xlite V2 Wireless,400,1.60
Luken,29 Feb 2024,Luca Nadotti,"March 26, 1997",Argentina,Free Agent,Logitech G Pro X Superlight Black,800,2.45
sk0R,25 Jan 2024,Tengis Batjargal,"May 12, 2002",Mongolia,The Huns Esports,Logitech G Pro X Superlight White,800,1.3
Hatz,29 Dec 2022,Jordan Bajic,"June 20, 1998",Australia,Free Agent,ZOWIE EC2,800,1.00
bLitz,01 Feb 2024,Byambasuren Garidmagnai,"June 26, 2001",Mongolia,The Mongolz,Logitech G Pro X Superlight 2 Magenta,400,1.5
yuurih,18 Mar 2024,Yuri Santos,"December 22, 1999",Brazil,FURIA,ZOWIE EC1-CW,400,2.50
arT,05 Mar 2024,Andrei Piovezan,"March 27, 1996",Brazil,FURIA,Razer Deathadder V3 Pro Black,800,1.45
boltz,17 Feb 2024,Ricardo Prass,"April 10, 1997",Brazil,O PLANO,Xtrfy M8 Frosty Mint,800,1.25
fnx,06 Jan 2024,Lincoln Lau,"January 30, 1990",Brazil,O PLANO,Fallen Gear F65 Mars,400,2.5
Sico,09 Dec 2023,Simon Williams,"August 8, 1994",Australia,Grayhound Gaming,ZOWIE EC2-B,400,1.8
nin9,25 Jan 2024,Yesuntumur Gantulga,"April 3, 1998",Mongolia,The Huns Esports,Razer Deathadder V3 Pro Black,400,2
kabal,09 Dec 2023,Bat-Enkh Batbayar,"June 1, 1995",Mongolia,Free Agent,Logitech G Pro X Superlight Red,400,1.8
Techno4K,18 Mar 2024,Sodbayar Munkhbold,"May 20, 2005",Mongolia,The Mongolz,Logitech G Pro X Superlight 2 White,400,1.7
saffee,28 Nov 2023,Rafael Costa,"December 19, 1994",Brazil,MIBR,VAXEE OUTSET AX Wireless Blue,400,2.00
drop,04 Mar 2024,André Abreu,"January 15, 2004",Brazil,MIBR,Logitech G Pro X Superlight 2 White,400,2.3
INS,15 Mar 2024,Joshua Potter,"September 22, 1998",Australia,Grayhound Gaming,Logitech G Pro Wireless,800,1.20
kscerato,04 Mar 2024,Kaike Cerato,"September 12, 1999",Brazil,FURIA,ZOWIE EC2-CW,800,1.255
aliStair,16 Oct 2023,Alistair Johnston,"April 7, 1998",Australia,Grayhound Gaming,ZOWIE EC2-CW,400,1.90
woxic,06 Feb 2024,Özgür Eker,"September 2, 1998",Turkey,Eternal Fire,SteelSeries Sensei Ten,1600,1.5
exit,01 Feb 2024,Raphael Lacerda,"August 29, 1996",Brazil,MIBR,VAXEE ZYGEN NP-01S Wireless Blue,800,1.00
chelo,11 Mar 2024,Marcelo Cespedes,"June 8, 1998",Brazil,FURIA,ZOWIE EC2-CW,400,3.5
hampus,27 Dec 2023,Hampus Poser,"November 26, 1998",Sweden,Bleed eSports,Razer DeathAdder Elite,400,1.67
Plopski,28 Nov 2023,Nicolas Gonzalez Zamora,"May 14, 2002",Sweden,GODSENT,Razer Deathadder V3 Pro Black,800,1.50
Ax1Le,24 Jan 2024,Sergey Rykhtorov,"April 29, 2002",Russia,Cloud9,ZOWIE EC2-C,800,1.50
Xeppaa,03 Jan 2024,Erick Bach,"July 19, 2000",United States,Cloud9,ZOWIE EC2-CW,1600,0.14
nafany,24 Jan 2024,Vladislav Gorshkov,"June 15, 2001",Russia,BetBoom Team,ZOWIE EC2-CW,400,2.00
faveN,29 Dec 2023,Josef Baumann,"February 8, 2000",Germany,Bleed eSports,Logitech G Pro X Superlight White,400,2.10
Calyx,26 Feb 2024,Buğra Arkın,"July 27, 1998",Turkey,Eternal Fire,VAXEE XE Wireless Blue,800,1.9
xfl0ud,28 Nov 2023,Yasin Koç,"December 23, 2002",Turkey,Sangal,ZOWIE EC3-CW,800,1.05
chopper,13 Mar 2024,Leonid Vishnyakov,"February 4, 1997",Russia,Team Spirit,VAXEE ZYGEN NP-01S Wireless White,400,1.40
Liazz,24 Jan 2024,Jay Tregillgas,"August 30, 1997",Australia,Grayhound Gaming,ZOWIE EC2-CW,800,0.95
Jame,19 Mar 2024,Dzhami Ali,"August 23, 1998",Russia,Virtus.pro,Razer Deathadder V3 Pro Black,400,2
Qikert,08 Jan 2024,Aleksei Golubev,"January 1, 1999",Kazakhstan,PARIVISION,VAXEE XE Wireless Black,400,2.20
FL1T,19 Mar 2024,Evgeny Lebedev,"December 20, 2000",Russia,Virtus.pro,Logitech G Pro X Superlight 2 White,400,1.55
buster,07 Nov 2023,Timur Tulepov,"December 7, 1999",Kazakhstan,Cloud9,ZOWIE ZA12-C,400,2.20
Patsi,08 Jan 2024,Robert Isyanov,"September 6, 2003",Russia,PARIVISION,Logitech G Pro X Superlight Red,400,1.9
magixx,26 Dec 2023,Boris Vorobiev,"June 3, 2003",Russia,Team Spirit,VAXEE OUTSET AX Yellow,400,1.337
degster,20 Feb 2024,Abdul Gasanov,"July 21, 2001",Russia,OG Esports,Logitech G Pro X Superlight 2 Black,400,2.75
syrsoN,13 Feb 2024,Florian Rische,"April 19, 1996",Germany,BIG,Logitech G Pro X Superlight White,1600,0.92
KRIMZ,17 Feb 2024,Freddy Johansson,"April 25, 1994",Sweden,Fnatic,Logitech G Pro X Superlight 2 Magenta,400,1.40
Valde,30 Aug 2023,Valdemar Bjørn Vangså,"June 12, 1995",Denmark,TSM,VAXEE XE Pink,400,1.65
MUTiRiS,24 Feb 2024,Christopher Fernandes,"December 26, 1992",Portugal,SAW,ZOWIE EC1-CW,400,3.05
AZR,29 Apr 2023,Aaron Ward,"October 2, 1992",Australia,Free Agent,Logitech G Pro X Superlight Red,400,2.40
afro,18 Jan 2024,Aurélien Drapier,"June 11, 1999",France,Fnatic,Logitech G Pro X Superlight Black,800,1.00
Ex3rcice,17 Feb 2024,Pierre Bulinge,"February 4, 2000",France,3DMAX,Logitech G Pro X Superlight 2 Black,400,2.00
Djoko,18 Jan 2024,Thomas Pavoni,"April 16, 1997",France,3DMAX,Logitech G Pro X Superlight Black,800,1.00
DeathZz,28 Nov 2023,Raúl Jordán Nieto,"January 31, 1996",Spain,Free Agent,VAXEE OUTSET AX Wireless White,400,2.25
bubble,31 Oct 2023,Karem Kostadinov,"August 7, 1991",Bulgaria,Retired,Logitech G403 HERO,400,1.75
Gratisfaction,02 Mar 2024,Sean Kaiwai,"March 6, 1996",New Zealand,Team NKT,Logitech G Pro X Superlight 2 Black,800,1.1875
SHiPZ,17 May 2023,Georgi Grigorov,"August 16, 2000",Bulgaria,500,ZOWIE EC2-CW,400,2.40
frozen,07 Mar 2024,David Čerňanský,"July 18, 2002",Slovakia,FaZe Clan,Razer Deathadder V3 Pro White,400,2
Bymas,23 Nov 2023,Aurimas Pipiras,"August 12, 2003",Lithuania,Into The Breach,Logitech G403 HERO,800,1.35
torzsi,20 Jan 2024,Ádám Torzsás,"May 17, 2002",Hungary,MOUZ,VAXEE OUTSET AX Wireless Orange,800,1.00
imoRR,14 Nov 2023,Ömer Karataş,"December 20, 1999",Turkey,Eternal Fire,Razer Deathadder V3 Pro White,400,2.20
dexter,28 Feb 2024,Chris Nong,"August 15, 1994",Australia,Grayhound Gaming,ZOWIE EC2-CW,1600,0.65
rmn,31 Jul 2023,Ricardo Oliveira,"May 14, 1992",Portugal,SAW,VAXEE XE Wireless Yellow,400,1.28
acoR,24 Feb 2024,Frederik Gyldstrand,"June 24, 1997",Denmark,GamerLegion,Logitech G Pro X Superlight 2 Black,400,1.97
niko,30 Dec 2023,Nikolaj Kristensen,"May 28, 1998",Denmark,Sashi,Razer Deathadder V3 Pro Black,400,1.30
biguzera,18 Mar 2024,Rodrigo Bittencourt,"February 18, 1997",Brazil,paiN Gaming,ZOWIE EC1-CW,400,1.85
flameZ,13 Feb 2024,Shahar Shushan,"June 22, 2003",Israel,Team Vitality,ZOWIE EC2-CW,400,3.60
oskar,29 Apr 2023,Tomáš Šťastný,"June 27, 1991",Czechia,SINNERS Esports,VAXEE OUTSET AX,400,3.50
nexa,17 Feb 2024,Nemanja Isaković,"April 25, 1997",Serbia,G2 Esports,ZOWIE EC2-CW,800,1.05
mantuu,03 Mar 2024,Mateusz Wilczewski,"August 21, 1997",Poland,BIG,Logitech G Pro Wireless,400,2.10
NEOFRAG,16 Dec 2023,Adam Zouhar,"May 19, 2001",Czechia,SINNERS Esports,Logitech G Pro X Superlight Red,400,1.45
SHOCK,18 Dec 2023,Max Kvapil,"October 29, 2000",Czechia,SINNERS Esports,ZOWIE EC2-CW,400,1.17
Lekr0,08 Dec 2023,Jonas Olofsson,"July 2, 1993",Sweden,IKLA,Logitech G Pro Wireless,800,1.00
twist,06 Mar 2024,Simon Eliasson,"December 12, 1994",Sweden,Alliance,Razer Viper V2 Pro White,400,2.00
stadodo,17 Mar 2024,Renato Gonçalves,"November 17, 1996",Portugal,KOI,ZOWIE EC2-CW,400,2.40
arki,11 Apr 2023,Omar Chakkor,"December 7, 1989",Spain,Free Agent,VAXEE OUTSET AX,800,1.11
JUST,06 Jan 2024,Tiago Moura,"April 29, 1996",Portugal,KOI,ZOWIE EC2-CW,400,1.90
hardzao,02 Mar 2024,Wesley Lopes,"January 16, 2001",Brazil,RED Canids,Logitech G Pro X Superlight 2 Magenta,400,2.00
ErycTriceps,28 Nov 2023,Erikas Vaitkevicius,N/A,Lithuania,Content Creator,Lamzu Atlantis Mini,1600,0.45
Nicks,28 Nov 2023,Nicollas Polonio de Oliveira,N/A,Brazil,MIBR Academy,Logitech G Pro X Superlight 2 Black,400,1.42
Cabbi,03 Nov 2023,Casper Jensen,"May 29, 1998",Denmark,Espionage,ZOWIE S2,800,0.755
day0s,28 Feb 2024,Paul Niel,N/A,France,Twisted Minds,Logitech G Pro X Superlight 2 Magenta,400,1.57
KaiR0N-,12 Oct 2023,Aleksandr Anashkin,"January 31, 2004",Russia,BetBoom Team,ZOWIE S2 Divina Blue,800,0.88
Neityu,07 Mar 2024,Ryan Aubry,N/A,France,MOUZ NXT,Razer Deathadder V3 Pro White,400,1.5
Kursy,23 Jan 2023,Jeremy Gast,N/A,France,Nakama,Video,400,2
history,08 Jan 2024,Allan Lawrenz,"June 8, 2004",Brazil,Los Grandes,ZOWIE EC2-CW,400,2
ANa,19 Jan 2023,Ana Dumbravă,N/A,Romania,Nigma Galaxy,Logitech G Pro X Superlight Black,400,1.7
r1nkle,13 Feb 2024,Artem Moroz,"October 27, 2004",Ukraine,B8 Esports,ZOWIE EC2-CW,400,2.66
maxster,14 Feb 2024,Max Jansson,N/A,Sweden,Young Ninjas,ZOWIE EC1-CW,800,0.68
insani,01 Feb 2024,Felipe Yuji,N/A,Brazil,MIBR,VAXEE ZYGEN NP-01S Wireless Black,800,1.1
Bart4k,25 Jan 2024,Baatarkhuu Batbold,"May 29, 2004",Mongolia,The Huns Esports,Logitech G Pro X Superlight Red,400,2
Maze,09 Jan 2024,Mikkel Sparvath,"June 19, 2001",Denmark,Team Secret,Logitech G Pro X Superlight Black,400,2.1
hyped,21 Jun 2023,Marcel Köhn,"April 30, 2001",Germany,BIG Academy,Logitech G Pro X Superlight Black,400,3.09
r3salt,24 Feb 2024,Evgeny Frolov,"February 14, 2005",Russia,forZe,Logitech G Pro X Superlight Red,400,1.8
lattykk,02 Mar 2024,Vladislav Vydrin,"July 26, 2005",Russia,Aurora,Logitech G Pro X Superlight Magenta,1600,0.9
TRAVIS,28 Dec 2023,Aleksandr Timkiv,"December 3, 1997",Russia,AMKAL,Logitech G Pro X Superlight Black,800,1
donk,16 Mar 2024,Danil Kryshkovets,"January 25, 2007",Russia,Team Spirit,Logitech G Pro X Superlight Magenta,800,1.25
mynio,17 Feb 2024,Wiktor Kruk,"September 26, 1995",Poland,9INE,Razer Deathadder V3 Pro Black,800,1
Kylar,06 Feb 2024,Kacper Walukiewicz,"September 22, 1999",Poland,ENCE,Logitech G Pro X Superlight 2 White,400,1.77
Razzmo,04 Mar 2023,Matthieu Mellot,N/A,France,Nakama,Video,800,0.52
KEi,07 Nov 2023,Kamil Pietkun,"April 6, 2001",Poland,9INE,ZOWIE EC2-CW,400,1.7
ewjerkz,04 Mar 2023,Michel Magalhães,"September 24, 2000",Portugal,SAW,VAXEE XE Black,400,1.5
awzek,10 Mar 2023,Michalis Napoloni,"November 10, 1998",Greece,ALTERNATE aTTaX,Logitech G Pro X Superlight Black,400,1.59
story,18 Mar 2024,João Vieira,"April 23, 2002",Portugal,SAW,Logitech G Pro X Superlight 2 Black,400,2.75
FreeZe,10 Mar 2023,Lukas Hegmann,"July 24, 1998",Germany,ALTERNATE aTTaX,Logitech G Pro X Superlight Black,400,1.45
PerX,10 Mar 2023,Paul von Erdmannsdorff,"May 10, 1999",Germany,ALTERNATE aTTaX,Logitech G Pro X Superlight Black,800,0.85
n9xtz,15 Aug 2023,Leonardo Santos,N/A,Brazil,Meta Gaming,Logitech G Pro X Superlight Magenta,400,3.5
Moseyuh,08 Mar 2024,Chen Qianhao,"December 21, 2004",China,TyLoo,ZOWIE EC2-C,400,1.9
b0denmaster,06 Mar 2024,Jonathan Bodenmalm,"April 4, 1998",Sweden,Alliance,Razer Viper V2 Pro Black,400,1.5
MisteM,09 Jan 2024,Gareth Ries,"November 9, 2001",South Africa,Young Ninjas,Logitech G Pro X Superlight Magenta,400,1.33
AJTT,18 Jan 2024,Filip Dolenský,"June 19, 2001",Czechia,SINNERS Esports,Logitech G Pro Wireless,400,1.9
MoriiSko,20 Jun 2023,Josef Maurenc,"May 15, 2001",Czechia,Free Agent,Logitech G Pro X Superlight Magenta,400,1.485
Rutk0,19 Aug 2023,Rudolf Kovalčik,"November 15, 2002",Slovakia,Free Agent,Logitech G Pro X Superlight Black,800,1.65
red,20 Jun 2023,Christoph Hinrichs,"March 24, 1999",Germany,Free Agent,Logitech G Pro X Superlight Black,800,0.8
hasteka,06 Sep 2023,Chinguun Bayarmaa,"July 19, 1998",Mongolia,Free Agent,Logitech G Pro X Superlight Black,400,1.9
aristo,29 Apr 2023,Shengjun Jin,"May 13, 2004",China,TyLoo,Logitech G Pro X Superlight Black,800,1.25
amster,05 Apr 2023,Denys Ljashenko,"June 14, 2001",Ukraine,B8 Esports,Video,800,1.35
OWNER,05 Apr 2023,Mykhajlo Lymar,"January 14, 2003",Ukraine,B8 Esports,Logitech G Pro X Superlight Black,800,1.25
cptkurtka023,18 Nov 2023,Arsenyj Derevynskyj,"July 24, 1999",Ukraine,B8 Esports,Logitech G Pro X Superlight White,400,1.4
volt,25 Feb 2024,Sebastian Malos,"October 18, 2001",Romania,GamerLegion,Logitech G Pro X Superlight White,1600,0.4
CYPHER,03 Jan 2024,Cai Watson,"December 31, 2002",United Kingdom,Bleed eSports,Logitech G Pro X Superlight White,400,1.5
poka,28 Jan 2024,Kirill Starovoytov,N/A,Russia,Free Agent,Logitech G Pro X Superlight White,800,1
Altekz,29 Jul 2023,Alexander Givskov,"July 8, 2003",Denmark,Preasy,Logitech G Pro X Superlight Red,400,1.4
land1n,01 Feb 2024,Paulo Felipe,"December 1, 1993",Brazil,TropiCaos,ZOWIE EC2-CW,400,2.2
tatazin,01 Feb 2024,Alef Pereira,"September 20, 1993",Brazil,TropiCaos,ZOWIE EC2-CW,400,2.2
doc,23 Apr 2023,Danilo Barros,N/A,Brazil,TropiCaos,Razer Deathadder V3 Pro Black,800,1.1
arrozdoce,18 Feb 2024,Rafael Wing,"July 2, 2002",Portugal,SAW,Logitech G Pro X Superlight 2 Black,800,1
lcf,23 Apr 2023,Diogo Braga,N/A,Brazil,TropiCaos,Logitech G Pro X Superlight White,400,1.82
PANIX,14 Nov 2023,Max Hangebruch,"December 7, 1998",Germany,ALTERNATE aTTaX,Logitech G Pro X Superlight Black,400,2
CSO,23 Apr 2023,Cauã Staimbach,N/A,Brazil,TropiCaos,Logitech G Pro X Superlight Magenta,400,1.77
gokushima,15 Dec 2023,Erkhan Bagynanov,N/A,Russia,forZe,Logitech G Pro X Superlight Black,800,1.7
Thomas,17 Feb 2024,Thomas Utting,"January 11, 1998",United Kingdom,Into The Breach,ZOWIE EC2-B,400,1.45
ren,09 Mar 2024,N/A,N/A,Norway,Content Creator,Logitech G Pro X Superlight 2 White,800,0.75
Wicadia,26 Feb 2024,Ali Yalçın,"March 4, 2005",Turkey,Eternal Fire,Logitech G Pro X Superlight 2 Black,800,1.6
ritchiE,20 Jun 2023,Richard Mestdagh,"August 28, 1998",Belgium,Free Agent,FinalMouse Starlight Pro,800,0.75
Artfr0st,05 Feb 2024,Artem Kharitonov,"November 27, 2001",Russia,PARIVISION,Logitech G Pro X Superlight 2 Magenta,800,1.49
MaiL09,21 Nov 2023,N/A,N/A,Sweden,Young Gods,Xtrfy M8 Black,800,0.7
Chr1zN,28 May 2023,Christoffer Storgaard,N/A,Denmark,MOUZ NXT,Logitech G Pro X Superlight Black,800,0.85
Q-Q,22 Jun 2023,Marcus Krolak-Henriksen,"November 17, 2003",Denmark,Free Agent,Video,400,1.8
sl3nd,13 Jul 2023,Henrich Hevesi,"August 31, 2004",Hungary,Endpoint,Logitech G Pro X Superlight Black,800,0.65
tomiko,08 Jan 2024,Tomasz Uroda,"March 22, 2004",Poland,9INE,Logitech G Pro X Superlight Magenta,800,1
Nexius,21 Dec 2023,Bram Campana,"December 19, 2003",Belgium,OG Esports,Razer Deathadder V3 Pro Black,400,2.4
asran,15 Aug 2023,Mateusz Niewiatowski,"July 30, 2003",Poland,Free Agent,Razer Viper V2 Pro Black,400,1.8
maaryy,03 Feb 2024,Martin Nakonieczny,"June 19, 2001",Poland,Permitta Esports,Razer Viper V2 Pro White,400,1
darchevile,15 Aug 2023,Wojciech Klęba,"August 27, 1999",Poland,los kogutos,Razer Deathadder V3 Pro White,800,0.9
ROGA,14 Nov 2023,Marin Rogić,N/A,Croatia,Free Agent,Logitech G Pro X Superlight Black,800,1.39
Enzo,15 Aug 2023,Karol Lasota,"January 14, 1998",Poland,los kogutos,Razer Deathadder V3 Pro Black,400,1.72
alex666,30 Aug 2023,Aleksei Yarmoshchuk,"August 3, 2001",Ukraine,B8 Esports,Logitech G Pro X Superlight Black,400,1.7
Swisher,05 Mar 2024,Michael Schmid,"September 17, 1998",United States,M80,Logitech G Pro X Superlight 2 White,400,2.2
SELLTER,16 Mar 2024,Ivan Miroshnikov,"February 4, 2003",Russia,forZe,Logitech G Pro X Superlight 2 White,400,1.35
advent,03 Oct 2023,Liang Zhuo,"June 16, 1992",China,TyLoo,ZOWIE EC2-CW,400,2
prosus,15 Nov 2023,David Hesse,"March 11, 2003",Germany,BIG,Logitech G Pro X Superlight Black,400,2
zont1x,20 Jan 2024,Myroslav Plakhotja,"July 20, 2005",Ukraine,Team Spirit,Logitech G Pro X Superlight 2 Magenta,800,1.05
br0,02 Mar 2024,Alexander Bro,"May 4, 2002",Denmark,Astralis,SteelSeries Rival 3,700,1.5
S3NSEY,21 Nov 2023,Efekan Topaloglu,"May 17, 2003",Austria,Free Agent,Pulsar Xlite V2 Wireless Red,400,2
adamS,06 Jan 2024,Adam Marian,"June 22, 2001",Romania,KOI,Logitech G Pro X Superlight White,400,2.2
sstiNiX,28 Dec 2023,Dmitry Khlebnikov,"November 1, 2004",Russia,Free Agent,VAXEE XE Wireless Yellow,400,2.869
910,21 Nov 2023,Usukhbayar Banzragch,N/A,Mongolia,The Mongolz,Logitech G Pro X Superlight White,400,2.7
mzinho,13 Sep 2023,Ayush Batbold,N/A,Mongolia,The Mongolz,Logitech G Pro X Superlight Red,Unknown,Unknown
Patti,18 Mar 2024,Patrick Larsen,"March 25, 1998",Denmark,ECSTATIC,Logitech G Pro X Superlight 2 White,400,1.4
salazar,13 Mar 2024,Jason Salazar,"August 27, 2004",Denmark,ECSTATIC,VAXEE OUTSET AX Wireless Pink,400,2.35
reck,21 Nov 2023,Ethan Serrano,"November 22, 2003",United States,M80,ZOWIE FK2,400,3.7
Vegi,03 Feb 2024,Arkadiusz Nawojski,"May 19, 2000",Poland,Permitta Esports,Video,800,1.1
olimp,13 Mar 2024,Patryk Woźniak,"February 7, 2000",Poland,Rebels Gaming,ZOWIE EC2-B Divina Pink,400,0.58
sNx,03 Feb 2024,Rafał Snopek,"June 10, 2002",Poland,Rebels Gaming,VAXEE OUTSET AX Yellow,400,1.78
MoDo,12 Oct 2023,Mădălin-Andrei Mirea,"June 1, 2003",Romania,TSM,Logitech G Pro X Superlight Black,400,2
Senzu,04 Mar 2024,Azbayar Munkhbold,"August 11, 2006",Mongolia,The Mongolz,Logitech G Pro X Superlight Black,400,3
Westmelon,23 Sep 2023,Niu Zhe,"February 4, 2001",China,Lynn Vision,ZOWIE FK2-C,400,2.92
EmiliaQAQ,11 Mar 2024,Tang Junjie,"August 23, 2004",China,Lynn Vision,ZOWIE EC2-CW,800,1.35
Jee,18 Mar 2024,Ji Dongkai,"December 21, 2004",China,Lynn Vision,Logitech G Pro X Superlight 2 Black,400,2
delle,08 Nov 2023,Jonathan Ahlstedt,N/A,Sweden,AGO,Razer Viper V2 Pro White,800,0.69
tAk,06 Jan 2024,Villius Keserauskas,N/A,Lithuania,Free Agent,Razer Deathadder V3 Pro White,400,2
Svedjehed,04 Jan 2024,Leo Svedjehed,"July 22, 2003",Sweden,Copenhagen Wolves,ZOWIE EC2-CW,800,1
DEPRESHN,26 Feb 2024,Filip Jarkić,"May 10, 2003",Croatia,Free Agent,Razer Deathadder V3 Pro White,800,1.3
Dementor,08 Nov 2023,Arbnor Pacolli,"June 7, 1999",Kosovo,AGO,Razer Viper V2 Pro White,400,2
noway,19 Mar 2024,Kaiky Santos,N/A,Brazil,Imperial Esports,ZOWIE EC2-CW,400,1.6
expro,11 Oct 2023,Yang Heng,"August 12, 1998",China,Rare Atom,Video,Unknown,Unknown
HUASOPEEK,02 Nov 2023,Matias Ibañez Hernandez,N/A,Chile,9z Team,Logitech G Pro X Superlight 2 Black,800,0.7
sense,18 Mar 2024,Ådne Fredriksen,"September 30, 2003",Norway,Apeks,Logitech G Pro X Superlight 2 Black,800,1
danistzz,17 Oct 2023,Danil Roslyakov,N/A,Russia,BetBoom Team,Logitech G Pro X Superlight 2 Black,400,2.22
austin,09 Jan 2024,Austin Meadows,N/A,United States,Content Creator,Razer Deathadder V3 Pro Black,2000,0.26
Dragon,30 Dec 2023,Nikola Boskovic,"December 19, 1999",Serbia,The Witchers,Logitech G Pro X Superlight 2 Black,400,1.5
Chay,21 Nov 2023,Richard Seidy,"August 17, 2001",Brazil,Fluxo,ZOWIE EC1-CW,1600,1.37
sirah,09 Dec 2023,William Kjærsgaard,N/A,Denmark,MOUZ NXT,VAXEE ZYGEN NP-01S,800,1.2
decenty,18 Mar 2024,Lucas Bacelar,"March 1, 2004",Brazil,Imperial Esports,VAXEE OUTSET AX Wireless Orange,400,1.6
Robiin,06 Mar 2024,Robin Sjögren,"February 3, 1995",Sweden,Alliance,Razer Viper V2 Pro Black,400,2.1
Avid,06 Mar 2024,Arvid Åberg,N/A,Sweden,Alliance,Razer Viper V2 Pro Black,800,1.1
oxygeN,18 Nov 2023,Blagoy Dimitrov,"May 15, 2003",Bulgaria,Entropiq,Logitech G Pro X Superlight Black,400,1.55
c0llins,12 Jan 2024,Luka Živanović,"August 18, 1998",Serbia,Entropiq,Razer Deathadder V3 Pro White,400,2
kauez,24 Nov 2023,Kaue Kaschuk,"May 8, 2003",Brazil,paiN Gaming,Logitech G Pro X Superlight Black,400,2.5
n1ssim,24 Nov 2023,Vinicius Pereira,"April 27, 2001",Brazil,paiN Gaming,Logitech G Pro X Superlight Black,400,1.77
jcobbb,27 Jan 2024,Jakub Pietruszewski,N/A,Poland,Free Agent,Fantech Helios II Pro XD3V3,1600,0.47
glowiing,25 Feb 2024,Aleksandr Matsiyevich,"December 6, 1993",Russia,9 Pandas,Razer Viper V3 Pro White (Unreleased),400,1.5
d1Ledez,20 Nov 2023,Daniil Kustov,"July 3, 2003",Russia,9 Pandas,Logitech G Pro X Superlight Magenta,400,1.7
matios,24 Nov 2023,João Guedes,"February 22, 2002",Brazil,ODDIK,Razer Deathadder V3 Pro Black,400,1.58
ponter,24 Nov 2023,Gabriel Amaral,"January 30, 2001",Brazil,ODDIK,Razer Deathadder V3 Pro Black,400,1.35
naitte,24 Nov 2023,João Maia,"November 5, 1997",Brazil,ODDIK,Razer Deathadder V3 Pro Black,800,1.7
nosraC,27 Dec 2023,Carson O'Reilly,"February 24, 2000",United States,Nouns Esports,Logitech G Pro X Superlight 2 White,400,1.6
cJ,27 Dec 2023,Christopher Jones,"September 5, 1997",United States,Nouns Esports,ZOWIE EC2-CW,400,1.7
Laski,28 Nov 2023,Leonardo Arroyo,"December 11, 1996",United States,Content Creator,ZOWIE EC2-CW,800,0.795
Anlelele,29 Nov 2023,Anton Huynh,"October 11, 2000",Denmark,Sprout,Logitech G Pro X Superlight Black,800,1.35
sL1m3,03 Dec 2023,Emil Stolz,N/A,Denmark,Sprout,Logitech G Pro X Superlight Magenta,400,1.5
spooke,03 Dec 2023,Olle Grundström,"August 16, 2001",Sweden,Sprout,ZOWIE EC2-CW,800,0.9
cej0t,03 Dec 2023,Jan Dyl,N/A,Poland,Sprout,Video,Unknown,Unknown
Airax,09 Dec 2023,Jussi Airaksinen,"June 20, 1995",Finland,HAVU,Logitech G Pro X Superlight Black,800,1.175
uli,09 Dec 2023,Samu Leirilaakso,"November 28, 1997",Finland,HAVU,ZOWIE EC2-CW,400,1.4
tN1R,28 Dec 2023,Andrey Tatarinovich,"February 14, 2001",Belarus,forZe,Logitech G Pro X Superlight 2 Magenta,400,1.51
ICY,01 Mar 2024,Kaisar Faiznurov,"June 1, 2005",Kazakhstan,AMKAL,Logitech G Pro X Superlight Black,400,2.75
nilo,02 Jan 2024,Linus Bergman,"January 4, 2005",Sweden,Metizport,Logitech G Pro X Superlight White,800,0.9
susp,03 Mar 2024,Tim Ångström,"January 7, 2005",Sweden,Metizport,ZOWIE EC2-CW,800,0.55
adamb,03 Mar 2024,Adam Ångström,"January 7, 2005",Sweden,Metizport,Video,800,1.2
synyx,30 Dec 2023,Danyyl Mazur,"August 12, 2004",Ukraine,The Witchers,Logitech G Pro X Superlight 2 Black,800,1.1
n1Xen,01 Jan 2024,Mikkel Borlund,"October 5, 2003",Denmark,Sashi,Logitech G Pro X Superlight Black,1000,1.14
v1NCHENSO7,12 Jan 2024,Daniel Adán,"August 13, 1991",Spain,Content Creator,VAXEE XE Wireless White,800,1.1
HeavyGod,05 Jan 2024,Nikita Martynenko,"July 24, 2002",Israel,OG Esports,Logitech G Pro X Superlight Magenta,400,3.1
VLDN,08 Mar 2024,Vladan Radević,"November 9, 2000",Serbia,Bleed eSports,Logitech G Pro X Superlight Black,800,1
Bambosh,26 Jan 2024,Kacper Szlachta,N/A,Poland,9INE,Video,Unknown,Unknown
xicoz,14 Feb 2024,Zoran Markovski,"April 29, 2003",North Macedonia,BIG Academy,Razer Deathadder V3 Pro Black,1600,0.70
Tauson,31 Jan 2024,Sebastian Tauson Lindelof,"August 17, 2005",Denmark,Team Secret,Logitech G Pro X Superlight 2 Black,400,1.66
Kind0,31 Jan 2024,Vladan Mandić,"January 14, 2002",Serbia,Team Secret,ZOWIE EC2-CW,400,1.85
Rip,11 Jan 2024,Berk Tepe,"February 9, 1998",Turkey,Fire Flux Esports,Logitech G Pro X Superlight Black,800,0.6
Sdaim,31 Jan 2024,Daniil Tupov,"April 29, 2005",Ukraine,Sprout,Razer DeathAdder V2,800,0.8
Flayy,03 Feb 2024,Alan Krupa,"June 14, 2005",Poland,Rebels Gaming,Logitech G Pro X Superlight Black,400,1.6
KWERTZZ,18 Mar 2024,Simon Horák,"October 31, 2001",Czechia,TSM,Pulsar Xlite V3 Es,400,1.9
Magnojez,29 Feb 2024,Kirill Rodnov,"October 14, 2004",Russia,Team Spirit Academy,Logitech G Pro X Superlight 2 Black,400,2.2
Markeloff,01 Mar 2024,Jeghor Markelov,"February 12, 1988",Ukraine,ESC Gaming,Logitech G Pro X Superlight 2 Black,400,1.8
kisserek,01 Mar 2024,Kamil Banak,N/A,Poland,Rebels Gaming,Logitech G Pro X Superlight Black,400,1.42
pHoonyJ,01 Mar 2024,Huajie Ping,N/A,China,Free Agent,Video,400,2.1
Noktse,02 Mar 2024,Nicolás Dávila,"January 19, 1993",Argentina,BESTIA,VAXEE OUTSET AX Wireless Orange,800,1.19
hyper,14 Mar 2024,Bartosz Wolny,"January 1, 1990",Poland,Content Creator,Razer Deathadder V3 Pro Black,1000,2.3
reiko,19 Mar 2024,Kamil Cegiełko,"September 4, 1999",Poland,Sprout,Video,Unknown,Unknown
podi,19 Mar 2024,Paavo Heiskanen,"August 5, 2004",Finland,Sprout,Logitech G Pro X Superlight Black,800,1.05
ryu,19 Mar 2024,Gytis Glušauskas,"July 25, 2004",Lithuania,Monte,Logitech G Pro X Superlight 2 Black,400,2
Gizmy,19 Mar 2024,Jack von Spreckelsen,"February 20, 2004",United Kingdom,Monte,Video,800,1.25
